attenuation_db_km,core_diameter_um,tensile_strength_mpa,temperature_c,draw_speed_m_min,throughput_m,defect_flag,lag1_attenuation_db_km,lag1_core_diameter_um,lag1_tensile_strength_mpa,lag1_temperature_c,lag1_draw_speed_m_min,lag1_throughput_m,roll10_mean_attenuation_db_km,roll10_std_attenuation_db_km,roll10_mean_temperature_c,roll10_std_temperature_c,roll10_mean_draw_speed_m_min,roll10_std_draw_speed_m_min,attenuation_trend_up,line_LINE-A,line_LINE-B,line_LINE-C,product_DSF-1550,product_OM3-50,product_OM4-50,product_SMF-28,shift_day,grade_A,grade_B,grade_C
0.2902,9.119,778.8,22.13,914.3,1462.0,0,0.0,0.0,0.0,0.0,0.0,0.0,0.2902,0.0,22.13,0.0,914.3,0.0,0,True,False,False,False,False,False,True,True,False,False,True
0.2786,9.028,869.7,20.97,841.7,2250.0,0,0.2902,9.119,778.8,22.13,914.3,1462.0,0.2844,0.0082,21.55,0.8202,878.0,51.336,0,True,False,False,False,False,True,False,True,False,True,False
0.2948,9.119,803.2,23.44,982.0,3766.0,0,0.2786,9.028,869.7,20.97,841.7,2250.0,0.2879,0.0083,22.18,1.2358,912.6667,70.1643,0,True,False,False,True,False,False,False,True,False,False,True
0.2482,9.017,745.9,21.42,1192.8,2807.0,0,0.2948,9.119,803.2,23.44,982.0,3766.0,0.278,0.021,21.99,1.0782,982.7,151.3297,0,True,False,False,False,False,False,True,True,False,True,False
0.298,8.192,851.2,22.21,1011.5,3277.0,0,0.2482,9.017,745.9,21.42,1192.8,2807.0,0.282,0.0203,22.034,0.9389,988.46,131.6868,0,True,False,False,False,False,True,False,True,False,False,True
0.1995,0.0,701.9,20.84,930.6,3420.0,0,0.298,8.192,851.2,22.21,1011.5,3277.0,0.2682,0.0382,21.835,0.971,978.8167,120.1295,0,True,False,False,False,True,False,False,True,True,False,False
0.3355,8.119,896.2,18.35,1088.8,1722.0,0,0.1995,0.0,701.9,20.84,930.6,3420.0,0.2778,0.0432,21.3371,1.5877,994.5286,117.2772,1,True,False,False,False,True,False,False,True,False,False,True
0.2643,8.63,823.3,20.34,841.4,652.0,0,0.3355,8.119,896.2,18.35,1088.8,1722.0,0.2761,0.0403,21.2125,1.5116,975.3875,121.3266,0,True,False,False,False,False,True,False,True,False,True,False
0.2179,9.004,745.9,22.05,893.2,3900.0,0,0.2643,8.63,823.3,20.34,841.4,652.0,0.2697,0.0424,21.3056,1.4413,966.2556,116.7504,0,True,False,False,True,False,False,False,True,True,False,False
0.271,8.882,737.4,24.17,1004.3,4108.0,0,0.2179,9.004,745.9,22.05,893.2,3900.0,0.2698,0.04,21.592,1.6331,970.06,110.7289,0,True,False,False,False,False,True,False,True,False,True,False
0.2358,8.493,792.1,19.21,810.5,4044.0,0,0.271,8.882,737.4,24.17,1004.3,4108.0,0.2644,0.0406,21.3,1.7806,959.68,120.9319,1,True,False,False,False,True,False,False,True,False,True,False
0.1977,8.692,892.4,22.52,862.9,1749.0,0,0.2358,8.493,792.1,19.21,810.5,4044.0,0.2563,0.0452,21.455,1.8158,961.8,118.8009,0,True,False,False,False,False,True,False,True,True,False,False
0.3276,9.277,733.3,24.19,1007.8,974.0,0,0.1977,8.692,892.4,22.52,862.9,1749.0,0.2596,0.0493,21.53,1.9194,964.38,119.566,1,True,False,False,False,False,True,False,True,False,False,True
0.3306,8.567,748.2,19.93,961.9,3780.0,0,0.3276,9.277,733.3,24.19,1007.8,974.0,0.2678,0.0539,21.381,1.9856,941.29,88.9214,1,True,False,False,False,True,False,False,True,False,False,True
0.1816,8.191,899.7,23.54,1065.5,2264.0,0,0.3306,8.567,748.2,19.93,961.9,3780.0,0.2562,0.059,21.514,2.0891,946.69,95.0849,0,True,False,False,False,False,False,True,True,True,False,False
0.1895,9.456,814.2,21.24,1095.5,3651.0,0,0.1816,8.191,899.7,23.54,1065.5,2264.0,0.2552,0.0601,21.554,2.0786,963.18,105.6917,0,True,False,False,False,False,False,True,True,True,False,False
0.2779,8.891,739.4,24.06,1103.8,399.0,0,0.1895,9.456,814.2,21.24,1095.5,3651.0,0.2494,0.054,22.125,1.875,964.68,107.7588,1,True,False,False,False,False,False,True,True,False,True,False
0.2085,9.047,889.3,20.22,950.7,1203.0,0,0.2779,8.891,739.4,24.06,1103.8,399.0,0.2438,0.0552,22.113,1.888,975.61,99.057,0,True,False,False,False,False,False,True,True,True,False,False
0.2246,8.837,899.2,22.86,1110.3,2109.0,0,0.2085,9.047,889.3,20.22,950.7,1203.0,0.2445,0.0548,22.194,1.9023,997.32,102.7117,0,True,False,False,False,False,False,True,True,False,True,False
0.1934,8.265,754.1,18.64,813.5,2626.0,0,0.2246,8.837,899.2,22.86,1110.3,2109.0,0.2367,0.0562,21.641,2.0612,978.24,117.8737,1,True,False,False,True,False,False,False,True,True,False,False
0.2983,9.341,840.6,22.11,1146.8,1631.0,0,0.1934,8.265,754.1,18.64,813.5,2626.0,0.243,0.0594,21.931,1.8769,1011.87,112.5531,1,True,False,False,False,False,True,False,True,False,False,True
0.2169,8.176,804.4,22.19,828.6,4515.0,0,0.2983,9.341,840.6,22.11,1146.8,1631.0,0.2449,0.0581,21.898,1.8683,1008.44,117.9887,0,True,False,False,False,False,False,True,True,True,False,False
0.2746,8.071,772.2,24.73,1009.1,4471.0,0,0.2169,8.176,804.4,22.19,828.6,4515.0,0.2396,0.0518,21.952,1.948,1008.57,117.9887,1,True,False,False,True,False,False,False,True,False,True,False
0.2451,9.124,859.7,20.46,904.9,2549.0,0,0.2746,8.071,772.2,24.73,1009.1,4471.0,0.231,0.041,22.005,1.8933,1002.87,121.8088,1,True,False,False,True,False,False,False,True,False,True,False
0.2173,9.476,708.2,21.74,877.0,2430.0,0,0.2451,9.124,859.7,20.46,904.9,2549.0,0.2346,0.0377,21.825,1.8151,984.02,125.5671,1,True,False,False,False,False,False,True,True,True,False,False
0.2235,9.394,886.0,24.84,975.9,3700.0,0,0.2173,9.476,708.2,21.74,877.0,2430.0,0.238,0.0345,22.185,2.0305,972.06,119.309,0,True,False,False,False,True,False,False,True,False,True,False
0.1897,9.116,737.6,18.08,1163.3,1246.0,0,0.2235,9.394,886.0,24.84,975.9,3700.0,0.2292,0.0345,21.587,2.2819,978.01,127.791,0,True,False,False,True,False,False,False,True,True,False,False
0.2233,8.891,895.1,23.24,1102.6,3073.0,0,0.1897,9.116,737.6,18.08,1163.3,1246.0,0.2307,0.0338,21.889,2.2807,993.2,133.1016,0,True,False,False,True,False,False,False,True,False,True,False
0.1858,8.231,879.7,23.62,965.0,3184.0,0,0.2233,8.891,895.1,23.24,1102.6,3073.0,0.2268,0.0367,21.965,2.3288,978.67,126.6737,0,True,False,False,True,False,False,False,True,True,False,False
0.3137,9.151,843.9,20.74,1029.7,934.0,0,0.1858,8.231,879.7,23.62,965.0,3184.0,0.2388,0.0436,22.175,2.0767,1000.29,113.0706,1,True,False,False,True,False,False,False,True,False,False,True
0.2735,9.284,825.1,18.61,1055.1,2582.0,0,0.3137,9.151,843.9,20.74,1029.7,934.0,0.2363,0.0404,21.825,2.364,991.12,103.1519,1,True,False,False,True,False,False,False,True,False,True,False
0.2556,8.101,798.8,19.53,1164.5,4479.0,0,0.2735,9.284,825.1,18.61,1055.1,2582.0,0.2402,0.0402,21.559,2.4658,1024.71,98.9544,1,True,False,False,False,False,True,False,True,False,True,False
0.3126,8.662,831.1,24.05,905.6,2079.0,0,0.2556,8.101,798.8,19.53,1164.5,4479.0,0.244,0.0453,21.491,2.3764,1014.36,105.935,1,True,False,False,True,False,False,False,True,False,False,True
0.3368,9.221,842.7,19.9,1155.4,580.0,0,0.3126,8.662,831.1,24.05,905.6,2079.0,0.2532,0.054,21.435,2.4098,1039.41,106.7894,1,True,False,False,True,False,False,False,True,False,False,True
0.2791,8.316,724.5,19.23,1080.8,1621.0,0,0.3368,9.221,842.7,19.9,1155.4,580.0,0.2594,0.053,21.184,2.5034,1059.79,90.5652,0,True,False,False,True,False,False,False,True,False,True,False
0.2403,8.936,797.1,18.53,1164.9,1656.0,0,0.2791,8.316,724.5,19.23,1080.8,1621.0,0.261,0.0519,20.553,2.2632,1078.69,90.8338,0,True,False,False,False,False,True,False,True,False,True,False
0.3275,9.105,734.5,24.34,831.8,325.0,0,0.2403,8.936,797.1,18.53,1164.9,1656.0,0.2748,0.0491,21.179,2.3665,1045.54,114.0485,1,True,False,False,False,False,False,True,True,False,False,True
0.2376,9.211,753.6,20.72,1075.3,586.0,0,0.3275,9.105,734.5,24.34,831.8,325.0,0.2762,0.0476,20.927,2.2542,1042.81,112.8514,0,True,False,False,False,True,False,False,True,False,True,False
0.2694,8.274,848.6,23.97,1037.6,2424.0,0,0.2376,9.211,753.6,20.72,1075.3,586.0,0.2846,0.0359,20.962,2.3028,1050.07,109.5772,0,True,False,False,True,False,False,False,True,False,True,False
0.2692,8.764,708.1,18.75,998.2,4033.0,0,0.2694,8.274,848.6,23.97,1037.6,2424.0,0.2802,0.0346,20.763,2.4077,1046.92,110.6751,0,True,False,False,True,False,False,False,True,False,True,False
0.2156,9.155,704.8,21.36,969.8,4106.0,0,0.2692,8.764,708.1,18.75,998.2,4033.0,0.2744,0.0402,21.038,2.2886,1038.39,113.2322,0,True,False,False,True,False,False,False,True,True,False,False
0.2889,9.342,785.6,19.71,1178.4,382.0,0,0.2156,9.155,704.8,21.36,969.8,4106.0,0.2777,0.0399,21.056,2.2761,1039.78,115.0235,0,True,False,False,False,True,False,False,True,False,False,True
0.2573,8.215,816.0,24.43,1064.5,1931.0,1,0.2889,9.342,785.6,19.71,1178.4,382.0,0.2722,0.0383,21.094,2.3341,1055.67,104.9632,1,True,False,False,False,False,True,False,True,False,True,False
0.2259,9.189,796.8,23.94,1008.6,448.0,1,0.2573,8.215,816.0,24.43,1064.5,1931.0,0.2611,0.0332,21.498,2.4512,1040.99,99.5936,0,True,False,False,False,True,False,False,True,False,True,False
0.1939,8.345,893.6,18.56,1070.2,4841.0,0,0.2259,9.189,796.8,23.94,1008.6,448.0,0.2526,0.0386,21.431,2.528,1039.93,99.1784,0,True,False,False,False,True,False,False,True,True,False,False
0.2975,9.483,708.1,18.22,1084.9,2886.0,0,0.1939,8.345,893.6,18.56,1070.2,4841.0,0.2583,0.0408,21.4,2.5691,1031.93,90.8552,1,True,False,False,False,False,False,True,True,False,False,True
0.2384,8.627,735.7,20.66,1129.4,3938.0,0,0.2975,9.483,708.1,18.22,1084.9,2886.0,0.2494,0.0329,21.032,2.3559,1061.69,62.2573,0,True,False,False,False,True,False,False,True,False,True,False
0.3392,9.157,779.6,20.07,858.3,3621.0,0,0.2384,8.627,735.7,20.66,1129.4,3938.0,0.2595,0.043,20.967,2.3743,1039.99,89.0425,1,True,False,False,False,False,False,True,True,False,False,True
0.2676,8.668,791.9,23.25,1092.1,4688.0,0,0.3392,9.157,779.6,20.07,858.3,3621.0,0.2593,0.043,20.895,2.2823,1045.44,90.5353,1,True,False,False,False,True,False,False,True,False,True,False
0.2953,9.334,822.6,24.41,1184.9,339.0,0,0.2676,8.668,791.9,23.25,1092.1,4688.0,0.262,0.0444,21.461,2.3905,1064.11,98.6022,1,True,False,False,False,False,True,False,True,False,False,True
0.3117,8.915,847.5,22.69,971.1,4190.0,0,0.2953,9.334,822.6,24.41,1184.9,339.0,0.2716,0.0437,21.594,2.4211,1064.24,98.4648,1,True,False,False,False,False,False,True,True,False,False,True
0.1984,9.165,742.8,20.49,1114.7,3146.0,0,0.3117,8.915,847.5,22.69,971.1,4190.0,0.2625,0.0488,21.672,2.3655,1057.87,92.1146,0,True,False,False,False,True,False,False,True,True,False,False
0.2492,8.546,810.0,24.27,1038.6,4025.0,0,0.1984,9.165,742.8,20.49,1114.7,3146.0,0.2617,0.0489,21.656,2.3453,1055.28,92.2714,0,True,False,False,True,False,False,False,True,False,True,False
0.202,8.048,863.9,22.84,1195.5,412.0,0,0.2492,8.546,810.0,24.27,1038.6,4025.0,0.2593,0.0514,21.546,2.2501,1073.97,100.3414,0,True,False,False,True,False,False,False,True,True,False,False
0.2792,8.773,726.4,18.2,1098.3,2724.0,1,0.202,8.048,863.9,22.84,1195.5,412.0,0.2679,0.0461,21.51,2.3054,1076.78,100.6172,0,True,False,False,False,False,True,False,True,False,True,False
0.2788,8.815,773.4,20.32,1130.7,676.0,0,0.2792,8.773,726.4,18.2,1098.3,2724.0,0.266,0.0452,21.72,2.0544,1081.36,102.0599,0,True,False,False,False,False,False,True,True,False,True,False
0.2965,9.028,839.7,19.42,961.7,3512.0,0,0.2788,8.815,773.4,20.32,1130.7,676.0,0.2718,0.045,21.596,2.1602,1064.59,106.9498,1,True,False,False,False,False,True,False,True,False,False,True
0.3072,9.415,816.1,20.38,1007.3,338.0,0,0.2965,9.028,839.7,19.42,961.7,3512.0,0.2686,0.0405,21.627,2.1379,1079.49,82.631,1,True,False,False,False,True,False,False,True,False,False,True
0.308,8.365,707.2,22.34,906.1,4420.0,0,0.3072,9.415,816.1,20.38,1007.3,338.0,0.2726,0.0424,21.536,2.0798,1060.89,98.8244,1,True,False,False,False,False,True,False,True,False,False,True
0.315,8.169,815.2,20.22,1026.8,1901.0,1,0.308,8.365,707.2,22.34,906.1,4420.0,0.2746,0.044,21.117,1.8453,1045.08,88.9322,1,True,False,False,False,True,False,False,True,False,False,True
0.1815,8.802,804.8,18.35,1024.8,3605.0,0,0.315,8.169,815.2,20.22,1026.8,1901.0,0.2616,0.0506,20.683,1.942,1050.45,85.5247,0,True,False,False,False,False,False,True,True,True,False,False
0.3181,8.987,873.3,20.3,1034.4,1499.0,0,0.1815,8.802,804.8,18.35,1024.8,3605.0,0.2736,0.0481,20.664,1.9451,1042.42,82.5396,1,True,False,False,True,False,False,False,True,False,False,True
0.2105,8.648,843.8,18.28,969.6,1321.0,0,0.3181,8.987,873.3,20.3,1034.4,1499.0,0.2697,0.0517,20.065,1.6035,1035.52,85.7173,0,True,False,False,False,False,True,False,True,True,False,False
0.2484,8.225,782.7,20.62,828.8,3257.0,0,0.2105,8.648,843.8,18.28,969.6,1321.0,0.2743,0.0468,19.843,1.302,998.85,88.0781,0,True,False,False,True,False,False,False,True,False,True,False
0.3412,8.257,895.0,23.23,971.8,1801.0,0,0.2484,8.225,782.7,20.62,828.8,3257.0,0.2805,0.0514,20.346,1.5455,986.2,81.0082,1,True,False,False,False,True,False,False,True,False,False,True
0.2383,9.451,813.8,22.52,1030.7,2514.0,0,0.3412,8.257,895.0,23.23,971.8,1801.0,0.2765,0.0531,20.566,1.6911,976.2,65.9638,1,True,False,False,False,True,False,False,True,False,True,False
0.2504,8.92,780.2,22.15,907.7,1520.0,0,0.2383,9.451,813.8,22.52,1030.7,2514.0,0.2719,0.0532,20.839,1.7059,970.8,69.4033,0,True,False,False,True,False,False,False,True,False,True,False
0.2709,9.438,802.6,21.24,887.6,2711.0,0,0.2504,8.92,780.2,22.15,907.7,1520.0,0.2682,0.0517,20.925,1.7018,958.83,72.6548,1,True,False,False,True,False,False,False,True,False,True,False
0.1976,9.208,892.2,21.66,1035.2,2008.0,0,0.2709,9.438,802.6,21.24,887.6,2711.0,0.2572,0.054,20.857,1.6519,971.74,73.7065,0,True,False,False,False,False,True,False,True,True,False,False
0.2851,8.891,719.0,20.4,1143.7,2188.0,0,0.1976,9.208,892.2,21.66,1035.2,2008.0,0.2542,0.0512,20.875,1.6451,983.43,90.7168,0,True,False,False,False,True,False,False,True,False,False,True
0.1965,8.421,774.6,19.53,1129.8,2836.0,0,0.2851,8.891,719.0,20.4,1143.7,2188.0,0.2557,0.049,20.993,1.4777,993.93,101.4758,0,True,False,False,False,False,False,True,True,True,False,False
0.2063,8.966,870.6,24.12,986.7,654.0,0,0.1965,8.421,774.6,19.53,1129.8,2836.0,0.2445,0.0458,21.375,1.7477,989.16,100.4783,0,True,False,False,True,False,False,False,True,True,False,False
0.3205,9.3,705.1,19.98,908.6,3677.0,0,0.2063,8.966,870.6,24.12,986.7,654.0,0.2555,0.0498,21.545,1.4746,983.06,103.6008,1,True,False,False,True,False,False,False,True,False,False,True
0.2031,8.641,808.4,23.19,916.3,3025.0,0,0.3205,9.3,705.1,19.98,908.6,3677.0,0.251,0.0525,21.802,1.5187,991.81,92.1914,1,True,False,False,False,False,False,True,True,True,False,False
0.3499,9.165,811.4,22.25,1085.4,4222.0,0,0.2031,8.641,808.4,23.19,916.3,3025.0,0.2519,0.0542,21.704,1.4462,1003.17,96.3567,1,True,False,False,True,False,False,False,True,False,False,True
0.2932,9.274,765.7,21.15,902.0,4499.0,0,0.3499,9.165,811.4,22.25,1085.4,4222.0,0.2574,0.0554,21.567,1.4251,990.3,100.7652,1,True,False,False,False,False,False,True,True,False,False,True
0.2878,8.341,869.1,19.16,851.2,824.0,1,0.2932,9.274,765.7,21.15,902.0,4499.0,0.2611,0.0562,21.268,1.5929,984.65,107.2844,1,True,False,False,True,False,False,False,True,False,False,True
0.3093,8.796,845.3,20.43,1034.3,4595.0,0,0.2878,8.341,869.1,19.16,851.2,824.0,0.2649,0.0582,21.187,1.615,999.32,102.4607,0,True,False,False,False,True,False,False,True,False,False,True
0.332,9.327,841.0,18.86,1153.3,2482.0,0,0.3093,8.796,845.3,20.43,1034.3,4595.0,0.2784,0.0564,20.907,1.7601,1011.13,113.2899,1,True,False,False,False,False,True,False,True,False,False,True
0.2998,9.489,767.9,21.29,1053.4,778.0,0,0.332,9.327,841.0,18.86,1153.3,2482.0,0.2798,0.0568,20.996,1.7541,1002.1,104.8322,0,True,False,False,True,False,False,False,True,False,False,True
0.1887,9.152,821.9,18.93,1122.5,2091.0,0,0.2998,9.489,767.9,21.29,1053.4,778.0,0.2791,0.0581,20.936,1.8189,1001.37,103.8651,0,True,False,False,True,False,False,False,True,True,False,False
0.202,9.346,732.9,21.37,988.1,4730.0,0,0.1887,9.152,821.9,18.93,1122.5,2091.0,0.2786,0.0587,20.661,1.4556,1001.51,103.844,0,True,False,False,False,False,True,False,True,True,False,False
0.2137,9.483,812.5,18.3,1083.6,3941.0,0,0.202,9.346,732.9,21.37,988.1,4730.0,0.268,0.06,20.493,1.6295,1019.01,101.1579,0,True,False,False,False,True,False,False,True,True,False,False
0.2094,8.573,741.3,18.73,1133.3,4365.0,1,0.2137,9.483,812.5,18.3,1083.6,3941.0,0.2686,0.0592,20.047,1.404,1040.71,99.9445,0,True,False,False,False,False,True,False,True,True,False,False
0.2626,8.094,799.6,24.72,935.9,1290.0,0,0.2094,8.573,741.3,18.73,1133.3,4365.0,0.2599,0.0519,20.294,1.9469,1025.76,103.6303,0,True,False,False,False,True,False,False,True,False,True,False
0.2111,8.487,773.0,20.48,889.3,3960.0,0,0.2626,8.094,799.6,24.72,935.9,1290.0,0.2516,0.0525,20.227,1.9256,1024.49,105.3786,1,True,False,False,False,False,True,False,True,True,False,False
0.2823,9.149,835.6,20.06,1091.3,1220.0,0,0.2111,8.487,773.0,20.48,889.3,3960.0,0.2511,0.0521,20.317,1.8909,1048.5,87.3124,1,True,False,False,True,False,False,False,True,False,False,True
0.2537,8.819,866.1,19.24,1040.5,3169.0,0,0.2823,9.149,835.6,20.06,1091.3,1220.0,0.2455,0.048,20.198,1.9203,1049.12,87.2224,1,True,False,False,True,False,False,False,True,False,True,False
0.2353,8.478,712.0,19.18,1108.4,3880.0,0,0.2537,8.819,866.1,19.24,1040.5,3169.0,0.2359,0.0372,20.23,1.898,1044.63,82.2791,1,True,False,False,False,True,False,False,True,False,True,False
0.3012,8.555,759.3,23.67,1133.0,4967.0,0,0.2353,8.478,712.0,19.18,1108.4,3880.0,0.236,0.0375,20.468,2.1747,1052.59,86.9402,1,True,False,False,False,False,False,True,True,False,False,True
0.2655,9.05,767.1,18.69,980.7,409.0,0,0.3012,8.555,759.3,23.67,1133.0,4967.0,0.2437,0.0344,20.444,2.1948,1038.41,85.8276,1,True,False,False,False,False,True,False,True,False,True,False
0.2072,9.462,760.8,22.92,841.2,4385.0,0,0.2655,9.05,767.1,18.69,980.7,409.0,0.2442,0.0338,20.599,2.3187,1023.72,105.6726,0,True,False,False,False,False,False,True,True,True,False,False
0.2339,8.042,742.4,20.46,1067.3,3561.0,0,0.2072,9.462,760.8,22.92,841.2,4385.0,0.2462,0.0323,20.815,2.1771,1022.09,104.7681,0,True,False,False,False,False,False,True,True,False,True,False
0.223,8.544,834.3,20.3,1043.0,3117.0,0,0.2339,8.042,742.4,20.46,1067.3,3561.0,0.2476,0.0309,20.972,2.0636,1013.06,97.776,0,True,False,False,True,False,False,False,True,False,True,False
0.3404,8.49,873.3,20.76,957.8,3067.0,0,0.223,8.544,834.3,20.3,1043.0,3117.0,0.2554,0.0426,20.576,1.5901,1015.25,96.0864,1,True,False,False,False,False,True,False,True,False,False,True
0.2359,8.754,801.5,22.63,988.6,4191.0,0,0.3404,8.49,873.3,20.76,957.8,3067.0,0.2578,0.0404,20.791,1.7161,1025.18,86.2517,0,True,False,False,False,False,True,False,True,False,True,False
0.2212,8.411,816.2,18.73,1199.8,1490.0,0,0.2359,8.754,801.5,22.63,988.6,4191.0,0.2517,0.0409,20.658,1.827,1036.03,101.0485,1,True,False,False,False,False,True,False,True,False,True,False
0.2068,9.159,768.2,20.0,1134.9,2781.0,0,0.2212,8.411,816.2,18.73,1199.8,1490.0,0.247,0.0433,20.734,1.7766,1045.47,105.8098,0,True,False,False,True,False,False,False,True,True,False,False
0.3482,9.363,788.0,22.78,1161.7,2246.0,0,0.2068,9.159,768.2,20.0,1134.9,2781.0,0.2583,0.0534,21.094,1.7914,1050.8,110.5675,1,True,False,False,False,False,True,False,True,False,False,True
0.2751,8.553,715.6,21.7,1121.6,3934.0,0,0.3482,9.363,788.0,22.78,1161.7,2246.0,0.2557,0.0517,20.897,1.5714,1049.66,109.681,0,True,False,False,True,False,False,False,True,False,True,False
0.282,9.343,758.8,20.32,1166.2,1822.0,0,0.2751,8.553,715.6,21.7,1121.6,3934.0,0.2574,0.0523,21.06,1.3913,1068.21,112.3756,1,True,False,False,False,False,False,True,True,False,False,True
0.2882,9.042,726.3,21.71,1088.4,4108.0,0,0.282,9.343,758.8,20.32,1166.2,1822.0,0.2655,0.0499,20.939,1.2577,1092.93,79.1747,1,True,False,False,False,False,True,False,True,False,False,True
0.2907,8.782,866.4,24.53,969.1,2624.0,0,0.2882,9.042,726.3,21.71,1088.4,4108.0,0.2712,0.0491,21.346,1.6748,1083.11,88.2738,1,True,False,False,False,True,False,False,True,False,False,True
0.3216,9.26,792.7,23.99,882.4,4651.0,0,0.2907,8.782,866.4,24.53,969.1,2624.0,0.281,0.0483,21.715,1.8191,1067.05,108.6415,0,True,False,False,False,False,True,False,True,False,False,True
0.2458,8.223,735.7,18.59,978.8,2668.0,0,0.3216,9.26,792.7,23.99,882.4,4651.0,0.2716,0.0445,21.498,2.0592,1069.15,106.4765,0,True,False,False,False,False,False,True,True,False,True,False
0.1864,8.754,771.1,22.89,930.6,1778.0,0,0.2458,8.223,735.7,18.59,978.8,2668.0,0.2666,0.0511,21.524,2.0767,1063.35,112.7468,0,True,False,False,False,True,False,False,True,True,False,False
0.3033,8.238,887.8,19.86,868.2,1674.0,0,0.1864,8.754,771.1,22.89,930.6,1778.0,0.2748,0.0496,21.637,1.9336,1030.19,116.8454,1,True,False,False,False,True,False,False,True,False,False,True
0.3375,8.571,711.3,18.31,1102.5,4536.0,0,0.3033,8.238,887.8,19.86,868.2,1674.0,0.2879,0.0468,21.468,2.1538,1026.95,114.0347,1,True,False,False,False,False,True,False,True,False,False,True
0.3001,8.722,725.0,22.33,1146.8,3592.0,0,0.3375,8.571,711.3,18.31,1102.5,4536.0,0.2831,0.0422,21.423,2.1279,1025.46,112.1604,0,True,False,False,False,True,False,False,True,False,False,True
0.2167,8.014,856.7,20.57,968.0,1225.0,0,0.3001,8.722,725.0,22.33,1146.8,3592.0,0.2772,0.0472,21.31,2.1416,1010.1,107.9707,0,True,False,False,False,False,True,False,True,True,False,False
0.2182,9.37,787.9,24.5,963.6,3465.0,0,0.2167,8.014,856.7,20.57,968.0,1225.0,0.2708,0.0506,21.728,2.3268,989.84,93.4579,1,True,False,False,False,False,False,True,True,True,False,False
0.3303,8.438,827.0,18.97,938.1,3892.0,0,0.2182,9.37,787.9,24.5,963.6,3465.0,0.2751,0.0539,21.454,2.4851,974.81,87.7581,1,True,False,False,True,False,False,False,True,False,False,True
0.1942,8.897,736.3,20.33,978.3,469.0,0,0.3303,8.438,827.0,18.97,938.1,3892.0,0.2654,0.0592,21.034,2.2514,975.73,87.7398,0,True,False,False,False,False,True,False,True,True,False,False
0.3277,8.239,893.5,21.33,1092.1,4276.0,0,0.1942,8.897,736.3,20.33,978.3,469.0,0.266,0.0598,20.768,2.0072,996.7,88.0142,1,True,False,False,True,False,False,False,True,False,False,True
0.3369,9.486,845.8,21.48,899.0,4128.0,0,0.3277,8.239,893.5,21.33,1092.1,4276.0,0.2751,0.0633,21.057,1.8615,988.72,93.2777,1,True,False,False,False,True,False,False,True,False,False,True
0.0,9.171,737.2,22.22,1098.8,1488.0,0,0.3369,9.486,845.8,21.48,899.0,4128.0,0.285,0.0584,20.99,1.7993,1005.54,96.734,0,True,False,False,True,False,False,False,True,False,False,True
0.2242,9.077,727.6,19.04,991.6,787.0,0,0.0,9.171,737.2,22.22,1098.8,1488.0,0.2762,0.0612,20.908,1.8736,1017.88,84.3448,0,True,False,False,False,False,True,False,True,False,True,False
0.3059,9.336,728.1,22.39,1053.4,1873.0,0,0.2242,9.077,727.6,19.04,991.6,787.0,0.2727,0.058,21.316,1.6792,1012.97,80.1987,1,True,False,False,False,True,False,False,True,False,False,True
0.2719,9.033,895.1,20.13,916.0,3483.0,0,0.3059,9.336,728.1,22.39,1053.4,1873.0,0.2696,0.0571,21.096,1.6757,989.89,69.9621,0,True,False,False,False,True,False,False,True,False,True,False
0.312,8.038,893.1,24.41,1194.1,4953.0,0,0.2719,9.033,895.1,20.13,916.0,3483.0,0.2801,0.0549,21.48,1.958,1012.5,94.3768,0,True,False,False,False,True,False,False,True,False,False,True
0.2244,8.051,805.9,22.32,857.5,2360.0,0,0.312,8.038,893.1,24.41,1194.1,4953.0,0.2808,0.054,21.262,1.6869,1001.89,105.7622,0,True,False,False,False,False,True,False,True,False,True,False
0.2829,9.283,794.3,19.71,1110.9,3386.0,0,0.2244,8.051,805.9,22.32,857.5,2360.0,0.2756,0.0508,21.336,1.5886,1019.17,108.2686,1,True,False,False,True,False,False,False,True,False,False,True
0.3315,9.241,753.0,23.85,1169.7,715.0,0,0.2829,9.283,794.3,19.71,1110.9,3386.0,0.2908,0.0434,21.688,1.725,1038.31,116.821,1,True,False,False,True,False,False,False,True,False,False,True
0.185,8.323,711.6,20.8,1005.3,3158.0,0,0.3315,9.241,753.0,23.85,1169.7,715.0,0.275,0.0532,21.635,1.7453,1029.63,115.5986,0,True,False,False,False,False,False,True,True,True,False,False
0.3455,9.489,832.1,23.5,935.0,380.0,0,0.185,8.323,711.6,20.8,1005.3,3158.0,0.2759,0.0545,21.837,1.8397,1033.23,111.5688,1,True,False,False,False,False,True,False,True,False,False,True
0.3284,9.185,840.8,22.1,1199.6,1732.0,0,0.3455,9.489,832.1,23.5,935.0,380.0,0.2812,0.054,21.825,1.8373,1043.31,122.1983,1,True,False,False,False,False,False,True,True,False,False,True
0.2105,8.635,719.7,19.36,846.5,2617.0,0,0.3284,9.185,840.8,22.1,1199.6,1732.0,0.2798,0.0558,21.857,1.7855,1028.8,136.7669,0,True,False,False,False,True,False,False,True,True,False,False
0.3073,8.721,734.6,19.38,868.0,898.0,0,0.2105,8.635,719.7,19.36,846.5,2617.0,0.2799,0.0559,21.556,1.9332,1010.26,145.3581,0,True,False,False,True,False,False,False,True,False,False,True
0.3334,8.915,881.1,20.14,1021.8,3547.0,1,0.3073,8.721,734.6,19.38,868.0,898.0,0.2861,0.0582,21.557,1.9324,1020.84,141.5351,1,True,False,False,False,False,True,False,True,False,False,True
0.3006,8.918,748.4,22.98,1045.5,2747.0,0,0.3334,8.915,881.1,20.14,1021.8,3547.0,0.285,0.0578,21.414,1.7413,1005.98,128.5261,0,True,False,False,False,False,False,True,True,False,False,True
0.303,8.739,759.3,19.66,1047.2,3887.0,0,0.3006,8.918,748.4,22.98,1045.5,2747.0,0.2928,0.0538,21.148,1.79,1024.95,117.7213,0,True,False,False,True,False,False,False,True,False,False,True
0.3069,9.338,742.0,22.39,1086.8,4226.0,0,0.303,8.739,759.3,19.66,1047.2,3887.0,0.2952,0.0539,21.416,1.751,1022.54,116.0003,1,True,False,False,False,True,False,False,True,False,False,True
0.2947,8.483,811.3,21.71,1105.6,3718.0,0,0.3069,9.338,742.0,22.39,1086.8,4226.0,0.2915,0.0523,21.202,1.5383,1016.13,108.493,0,True,False,False,False,True,False,False,True,False,False,True
0.2783,8.161,813.7,21.1,1112.9,2361.0,1,0.2947,8.483,811.3,21.71,1105.6,3718.0,0.3009,0.0374,21.232,1.5325,1026.89,112.5591,0,True,False,False,False,True,False,False,True,False,True,False
0.2843,8.486,880.2,24.56,1142.0,1195.0,1,0.2783,8.161,813.7,21.1,1112.9,2361.0,0.2947,0.0342,21.338,1.7307,1047.59,112.8163,0,True,False,False,False,True,False,False,True,False,False,True
0.2297,8.888,898.6,24.16,983.0,2121.0,0,0.2843,8.486,880.2,24.56,1142.0,1195.0,0.2849,0.0375,21.544,1.9412,1025.93,100.5103,0,True,False,False,False,False,True,False,True,False,True,False
0.2576,8.865,791.9,20.48,834.5,227.0,0,0.2297,8.888,898.6,24.16,983.0,2121.0,0.2896,0.0291,21.656,1.8304,1024.73,102.933,0,True,False,False,False,False,False,True,True,False,True,False
0.2865,8.444,864.9,24.1,954.4,1336.0,0,0.2576,8.865,791.9,20.48,834.5,227.0,0.2875,0.0284,22.128,1.7863,1033.37,91.2825,0,True,False,False,False,True,False,False,True,False,False,True
0.1822,8.205,725.1,22.29,975.3,2556.0,0,0.2865,8.444,864.9,24.1,954.4,1336.0,0.2724,0.0394,22.343,1.6442,1028.72,93.1035,0,True,False,False,False,False,False,True,True,True,False,False
0.2076,9.279,881.9,19.88,917.5,2022.0,0,0.1822,8.205,725.1,22.29,975.3,2556.0,0.2631,0.0428,22.033,1.796,1015.92,99.1432,0,True,False,False,True,False,False,False,True,True,False,False
0.1981,9.258,731.9,22.76,890.5,429.0,0,0.2076,9.279,881.9,19.88,917.5,2022.0,0.2526,0.0448,22.343,1.5974,1000.25,105.8094,0,True,False,False,True,False,False,False,True,True,False,False
0.2598,8.501,894.9,22.1,827.6,3695.0,0,0.1981,9.258,731.9,22.76,890.5,429.0,0.2479,0.0407,22.314,1.5991,974.33,113.7049,1,True,False,False,True,False,False,False,True,False,True,False
0.263,9.43,757.0,23.71,847.3,2793.0,0,0.2598,8.501,894.9,22.1,827.6,3695.0,0.2447,0.0378,22.514,1.6397,948.5,109.8444,0,True,False,False,False,True,False,False,True,False,True,False
0.0,9.326,757.0,20.07,1111.6,2767.0,0,0.263,9.43,757.0,23.71,847.3,2793.0,0.241,0.0381,22.411,1.7659,948.37,109.6288,0,True,False,False,True,False,False,False,True,False,False,True
0.307,8.882,701.3,18.63,806.3,3052.0,0,0.0,9.326,757.0,20.07,1111.6,2767.0,0.2435,0.0419,21.818,1.9501,914.8,94.0379,1,True,False,False,False,False,False,True,True,False,False,True
0.3023,8.417,855.0,18.75,921.3,2175.0,0,0.307,8.882,701.3,18.63,806.3,3052.0,0.2516,0.0457,21.277,1.9784,908.63,91.0424,1,True,False,False,False,False,False,True,True,False,False,True
0.215,9.419,897.4,22.79,1037.7,1053.0,0,0.3023,8.417,855.0,18.75,921.3,2175.0,0.2468,0.0472,21.508,2.0096,928.95,95.2384,0,True,False,False,False,False,False,True,True,True,False,False
0.1913,9.023,853.3,23.27,976.6,4171.0,0,0.215,9.419,897.4,22.79,1037.7,1053.0,0.2363,0.0478,21.425,1.9051,931.17,96.1519,0,True,False,False,False,True,False,False,True,True,False,False
0.1854,8.969,720.3,22.6,1151.6,2216.0,0,0.1913,9.023,853.3,23.27,976.6,4171.0,0.2366,0.0474,21.456,1.9232,948.8,118.6688,0,True,False,False,False,True,False,False,True,True,False,False
0.2904,8.388,874.4,19.23,1062.3,3796.0,0,0.1854,8.969,720.3,22.6,1151.6,2216.0,0.2458,0.0491,21.391,1.9921,963.28,123.1739,0,True,False,False,True,False,False,False,True,False,False,True
0.2739,9.34,734.3,21.93,890.1,4731.0,0,0.2904,8.388,874.4,19.23,1062.3,3796.0,0.2542,0.0463,21.308,1.9455,963.24,123.2003,0,True,False,False,False,True,False,False,True,False,True,False
0.2166,8.189,803.2,18.79,940.4,4943.0,0,0.2739,9.34,734.3,21.93,890.1,4731.0,0.2494,0.0478,20.977,2.0732,974.52,114.2394,1,True,False,False,False,False,True,False,True,True,False,False
0.2981,9.021,739.1,22.88,1009.6,3911.0,0,0.2166,8.189,803.2,18.79,940.4,4943.0,0.2533,0.0504,20.894,1.9654,990.75,105.3393,1,True,False,False,True,False,False,False,True,False,False,True
0.3309,9.27,727.2,22.88,1157.5,208.0,0,0.2981,9.021,739.1,22.88,1009.6,3911.0,0.2611,0.0535,21.175,2.0342,995.34,111.9809,1,True,False,False,True,False,False,False,True,False,False,True
0.309,8.648,876.3,24.81,890.0,4922.0,0,0.3309,9.27,727.2,22.88,1157.5,208.0,0.2613,0.0537,21.793,2.1123,1003.71,98.6111,1,True,False,False,True,False,False,False,True,False,False,True
0.2458,8.351,839.2,19.04,1004.8,3839.0,0,0.309,8.648,876.3,24.81,890.0,4922.0,0.2556,0.0519,21.822,2.0674,1012.06,94.2985,0,True,False,False,False,True,False,False,True,False,True,False
0.2342,9.061,778.5,23.87,940.7,3504.0,0,0.0,0.0,0.0,0.0,0.0,0.0,0.2342,0.0,23.87,0.0,940.7,0.0,0,False,True,False,False,True,False,False,True,False,True,False
0.2861,8.29,866.8,19.62,1088.5,4436.0,0,0.2342,9.061,778.5,23.87,940.7,3504.0,0.2602,0.0367,21.745,3.0052,1014.6,104.5104,0,False,True,False,False,False,False,True,True,False,False,True
0.3361,9.171,765.9,23.65,857.3,2435.0,0,0.2861,8.29,866.8,19.62,1088.5,4436.0,0.2855,0.051,22.38,2.3928,962.1667,117.0853,0,False,True,False,False,False,False,True,True,False,False,True
0.3162,8.622,822.6,20.61,1010.8,1192.0,0,0.3361,9.171,765.9,23.65,857.3,2435.0,0.2932,0.0444,21.9375,2.1448,974.325,98.6439,0,False,True,False,False,False,False,True,True,False,False,True
0.1946,9.226,893.9,23.23,895.4,1981.0,0,0.3162,8.622,822.6,20.61,1010.8,1192.0,0.2734,0.0585,22.196,1.9453,958.54,92.4326,0,False,True,False,True,False,False,False,True,True,False,False
0.3353,8.554,870.1,23.83,977.0,2833.0,0,0.1946,9.226,893.9,23.23,895.4,1981.0,0.2838,0.0581,22.4683,1.8634,961.6167,83.017,1,False,True,False,True,False,False,False,True,False,False,True
0.1892,9.056,783.6,19.53,820.6,608.0,0,0.3353,8.554,870.1,23.83,977.0,2833.0,0.2702,0.0639,22.0486,2.0315,941.4714,92.6499,0,False,True,False,False,False,True,False,True,True,False,False
0.2511,9.208,841.2,18.71,1053.3,3268.0,0,0.1892,9.056,783.6,19.53,820.6,608.0,0.2678,0.0596,21.6312,2.2205,955.45,94.4506,0,False,True,False,False,False,False,True,True,False,True,False
0.2953,8.283,884.9,19.16,830.9,1373.0,0,0.2511,9.208,841.2,18.71,1053.3,3268.0,0.2709,0.0565,21.3567,2.2345,941.6111,97.6189,0,False,True,False,False,False,True,False,True,False,False,True
0.3417,8.164,809.9,23.39,909.4,484.0,0,0.2953,8.283,884.9,19.16,830.9,1373.0,0.278,0.0578,21.56,2.2026,938.39,92.5979,1,False,True,False,False,False,False,True,True,False,False,True
0.1917,8.949,851.1,18.03,827.1,2295.0,0,0.3417,8.164,809.9,23.39,909.4,484.0,0.2737,0.0627,20.976,2.2944,927.03,99.028,0,False,True,False,True,False,False,False,True,True,False,False
0.1815,8.773,775.1,18.51,994.4,3519.0,1,0.1917,8.949,851.1,18.03,827.1,2295.0,0.2633,0.0688,20.865,2.3921,917.62,85.5308,0,False,True,False,False,True,False,False,True,True,False,False
0.2587,9.414,761.9,19.99,926.7,2603.0,0,0.1815,8.773,775.1,18.51,994.4,3519.0,0.2555,0.0639,20.499,2.1901,924.56,82.8667,1,False,True,False,False,True,False,False,True,False,True,False
0.2356,8.458,858.1,21.5,1193.7,1361.0,0,0.2587,9.414,761.9,19.99,926.7,2603.0,0.2475,0.0604,20.588,2.213,942.85,117.1209,0,False,True,False,False,False,False,True,True,False,True,False
0.3001,8.981,709.0,21.03,1171.9,1059.0,0,0.2356,8.458,858.1,21.5,1193.7,1361.0,0.258,0.0593,20.368,2.0224,970.5,135.8197,0,False,True,False,True,False,False,False,True,False,False,True
0.3126,8.397,750.3,21.57,989.6,712.0,0,0.3001,8.981,709.0,21.03,1171.9,1059.0,0.2558,0.0564,20.142,1.6917,971.76,135.9451,1,False,True,False,False,True,False,False,True,False,False,True
0.3458,9.345,805.4,24.36,938.6,2082.0,0,0.3126,8.397,750.3,21.57,989.6,712.0,0.2714,0.0576,20.625,2.1303,983.56,126.1337,1,False,True,False,True,False,False,False,True,False,False,True
0.3372,8.525,731.9,18.26,988.7,2026.0,0,0.3458,9.345,805.4,24.36,938.6,2082.0,0.28,0.0606,20.58,2.1794,977.1,123.7977,1,False,True,False,False,True,False,False,True,False,False,True
0.2839,8.57,879.6,18.59,821.3,4343.0,0,0.3372,8.525,731.9,18.26,988.7,2026.0,0.2789,0.0604,20.523,2.2276,976.14,125.0879,1,False,True,False,False,False,False,True,True,False,False,True
0.2936,8.933,719.6,24.84,975.1,403.0,0,0.2839,8.57,879.6,18.59,821.3,4343.0,0.2741,0.0566,20.668,2.469,982.71,122.8992,0,False,True,False,True,False,False,False,True,False,False,True
0.2672,8.846,823.9,24.59,974.0,1583.0,0,0.2936,8.933,719.6,24.84,975.1,403.0,0.2816,0.0489,21.324,2.5601,997.4,110.3738,0,False,True,False,True,False,False,False,True,False,True,False
0.3183,8.667,878.1,22.6,1171.1,2706.0,0,0.2672,8.846,823.9,24.59,974.0,1583.0,0.2953,0.0349,21.733,2.381,1015.07,123.235,0,False,True,False,True,False,False,False,True,False,False,True
0.263,9.375,855.5,21.52,941.3,348.0,0,0.3183,8.667,878.1,22.6,1171.1,2706.0,0.2957,0.0345,21.886,2.3045,1016.53,122.1535,0,False,True,False,False,True,False,False,True,False,True,False
0.1915,8.577,870.0,18.67,1183.8,787.0,0,0.263,9.375,855.5,21.52,941.3,348.0,0.2913,0.0444,21.603,2.5208,1015.54,120.5882,0,False,True,False,False,False,False,True,True,True,False,False
0.2658,8.166,813.3,20.71,1103.3,2409.0,0,0.1915,8.577,870.0,18.67,1183.8,787.0,0.2879,0.045,21.571,2.5309,1008.68,112.3765,0,False,True,False,False,True,False,False,True,False,True,False
0.211,9.328,803.4,23.18,1005.2,4330.0,0,0.2658,8.166,813.3,20.71,1103.3,2409.0,0.2777,0.05,21.732,2.5815,1010.24,112.1903,0,False,True,False,False,True,False,False,True,True,False,False
0.2795,9.131,789.5,18.78,909.4,3491.0,0,0.211,9.328,803.4,23.18,1005.2,4330.0,0.2711,0.044,21.174,2.5532,1007.32,114.6159,0,False,True,False,False,False,False,True,True,False,True,False
0.202,8.014,877.7,24.82,923.1,2171.0,1,0.2795,9.131,789.5,18.78,909.4,3491.0,0.2576,0.0421,21.83,2.5641,1000.76,117.6375,0,False,True,False,False,False,False,True,True,True,False,False
0.2648,8.143,717.8,19.28,919.0,3559.0,0,0.202,8.014,877.7,24.82,923.1,2171.0,0.2557,0.0412,21.899,2.4749,1010.53,104.3879,1,False,True,False,True,False,False,False,True,False,True,False
0.1984,8.748,810.4,22.89,850.0,1155.0,0,0.2648,8.143,717.8,19.28,919.0,3559.0,0.2462,0.0425,21.704,2.2871,998.02,115.9603,0,False,True,False,True,False,False,False,True,True,False,False
0.2803,9.237,885.8,22.09,1051.9,3883.0,0,0.1984,8.748,810.4,22.89,850.0,1155.0,0.2475,0.0434,21.454,2.0622,1005.81,116.781,1,False,True,False,False,False,True,False,True,False,False,True
0.2825,8.876,855.8,22.23,904.0,1866.0,1,0.2803,9.237,885.8,22.09,1051.9,3883.0,0.2439,0.038,21.417,2.0426,979.1,104.6956,1,False,True,False,False,True,False,False,True,False,False,True
0.2878,8.286,775.8,22.59,1198.9,3796.0,0,0.2825,8.876,855.8,22.23,904.0,1866.0,0.2464,0.0402,21.524,2.0763,1004.86,124.2301,1,False,True,False,False,False,True,False,True,False,False,True
0.3263,8.16,723.4,23.63,818.9,1614.0,0,0.2878,8.286,775.8,22.59,1198.9,3796.0,0.2598,0.0423,22.02,1.9041,968.37,119.3242,1,False,True,False,False,True,False,False,True,False,False,True
0.2943,8.005,847.9,18.3,858.2,2112.0,0,0.3263,8.16,723.4,23.63,818.9,1614.0,0.2627,0.0437,21.779,2.2154,943.86,113.5627,1,False,True,False,True,False,False,False,True,False,False,True
0.1995,8.469,769.0,19.01,946.9,2466.0,0,0.2943,8.005,847.9,18.3,858.2,2112.0,0.2615,0.0453,21.362,2.3127,938.03,111.5422,0,False,True,False,True,False,False,False,True,True,False,False
0.2087,8.881,823.4,18.83,984.5,4435.0,0,0.1995,8.469,769.0,19.01,946.9,2466.0,0.2545,0.0476,21.367,2.3065,945.54,111.928,0,False,True,False,False,False,False,True,True,True,False,False
0.2985,8.528,781.5,20.92,988.8,2702.0,0,0.2087,8.881,823.4,18.83,984.5,4435.0,0.2641,0.0456,20.977,1.9618,952.11,112.3917,1,False,True,False,True,False,False,False,True,False,False,True
0.3054,8.396,718.0,22.83,1028.7,1574.0,0,0.2985,8.528,781.5,20.92,988.8,2702.0,0.2682,0.0474,21.332,1.9417,963.08,114.1409,0,False,True,False,False,False,False,True,True,False,False,True
0.2253,9.182,851.2,20.45,824.9,2185.0,0,0.3054,8.396,718.0,22.83,1028.7,1574.0,0.2709,0.0436,21.088,1.8763,960.57,117.1405,0,False,True,False,False,False,False,True,True,False,True,False
0.2997,8.323,876.7,19.92,808.8,3690.0,0,0.2253,9.182,851.2,20.45,824.9,2185.0,0.2728,0.0445,20.871,1.873,936.26,121.2345,1,False,True,False,False,False,False,True,True,False,False,True
0.3187,8.781,701.5,21.93,1155.1,1601.0,0,0.2997,8.323,876.7,19.92,808.8,3690.0,0.2764,0.0468,20.841,1.8511,961.37,138.5742,1,False,True,False,False,False,False,True,True,False,False,True
0.2142,8.679,801.2,22.34,919.3,245.0,0,0.3187,8.781,701.5,21.93,1155.1,1601.0,0.2691,0.0505,20.816,1.8264,933.41,110.7335,0,False,True,False,False,True,False,False,True,True,False,False
0.2156,8.354,743.9,20.51,840.9,2613.0,0,0.2142,8.679,801.2,22.34,919.3,245.0,0.258,0.0486,20.504,1.5356,935.61,108.3996,0,False,True,False,False,False,False,True,True,True,False,False
0.2112,8.09,764.1,19.75,1093.7,2245.0,0,0.2156,8.354,743.9,20.51,840.9,2613.0,0.2497,0.0488,20.649,1.3632,959.16,115.0886,0,False,True,False,True,False,False,False,True,True,False,False
0.2826,9.317,799.9,18.96,1020.8,1814.0,0,0.2112,8.09,764.1,19.75,1093.7,2245.0,0.258,0.0463,20.644,1.3699,966.55,116.5768,0,False,True,False,True,False,False,False,True,False,False,True
0.1944,8.622,862.6,24.65,1045.1,2312.0,0,0.2826,9.317,799.9,18.96,1020.8,1814.0,0.2566,0.0482,21.226,1.7082,972.61,119.1601,0,False,True,False,False,True,False,False,True,True,False,False
0.2223,8.304,872.4,24.53,875.2,3112.0,0,0.1944,8.622,862.6,24.65,1045.1,2312.0,0.2489,0.0468,21.587,1.9939,961.25,122.8044,1,False,True,False,True,False,False,False,True,False,True,False
0.2282,8.977,885.9,20.63,1175.4,942.0,0,0.2223,8.304,872.4,24.53,875.2,3112.0,0.2412,0.0427,21.367,1.9626,975.92,139.3982,1,False,True,False,False,False,False,True,True,False,True,False
0.2539,8.787,722.6,24.59,1199.5,4978.0,0,0.2282,8.977,885.9,20.63,1175.4,942.0,0.2441,0.0425,21.781,2.1731,1013.38,144.5435,1,False,True,False,False,False,True,False,True,False,True,False
0.2677,8.05,708.4,22.25,854.5,3827.0,0,0.2539,8.787,722.6,24.59,1199.5,4978.0,0.2409,0.0388,22.014,2.074,1017.95,137.9276,0,False,True,False,False,False,False,True,True,False,True,False
0.3068,8.057,860.5,23.22,834.1,1817.0,0,0.2677,8.05,708.4,22.25,854.5,3827.0,0.2397,0.0363,22.143,2.108,985.85,139.8026,1,False,True,False,True,False,False,False,True,False,False,True
0.2367,9.289,809.1,22.18,1186.3,1856.0,0,0.3068,8.057,860.5,23.22,834.1,1817.0,0.2419,0.0352,22.127,2.107,1012.55,150.7483,1,False,True,False,False,False,False,True,True,False,True,False
0.2137,8.491,709.6,21.04,1156.9,3375.0,0,0.2367,9.289,809.1,22.18,1186.3,1856.0,0.2418,0.0354,22.18,2.0681,1044.15,143.7254,0,False,True,False,False,True,False,False,True,True,False,False
0.3466,8.766,765.5,24.55,1023.4,2546.0,0,0.2137,8.491,709.6,21.04,1156.9,3375.0,0.2553,0.0465,22.66,1.9973,1037.12,142.7484,1,False,True,False,True,False,False,False,True,False,False,True
0.1817,9.499,873.6,20.01,1148.5,4496.0,0,0.3466,8.766,765.5,24.55,1023.4,2546.0,0.2452,0.0507,22.765,1.7989,1049.89,146.7812,0,False,True,False,True,False,False,False,True,True,False,False
0.3214,9.361,744.1,21.27,1031.7,4070.0,0,0.1817,9.499,873.6,20.01,1148.5,4496.0,0.2579,0.0525,22.427,1.7212,1048.55,146.8909,1,False,True,False,False,False,False,True,True,False,False,True
0.2821,9.449,857.9,21.7,1058.5,4653.0,0,0.3214,9.361,744.1,21.27,1031.7,4070.0,0.2639,0.0513,22.144,1.5623,1066.88,133.7001,1,False,True,False,False,True,False,False,True,False,False,True
0.2874,8.695,856.4,20.66,967.5,1334.0,0,0.2821,9.449,857.9,21.7,1058.5,4653.0,0.2698,0.0502,22.147,1.5591,1046.09,131.089,1,False,True,False,False,True,False,False,True,False,False,True
0.2489,8.037,882.9,19.36,860.2,757.0,0,0.2874,8.695,856.4,20.66,967.5,1334.0,0.2693,0.0504,21.624,1.5254,1012.16,130.8803,0,False,True,False,False,False,True,False,True,False,True,False
0.2124,8.914,803.6,22.14,1001.3,3128.0,0,0.2489,8.037,882.9,19.36,860.2,757.0,0.2638,0.0535,21.613,1.5208,1026.84,118.9179,1,False,True,False,False,False,True,False,True,True,False,False
0.258,8.299,882.8,19.54,866.7,2619.0,1,0.2124,8.914,803.6,22.14,1001.3,3128.0,0.2589,0.0513,21.245,1.5339,1030.1,113.3642,0,False,True,False,True,False,False,False,True,False,True,False
0.3366,8.471,821.2,21.67,955.9,3223.0,0,0.258,8.299,882.8,19.54,866.7,2619.0,0.2689,0.056,21.194,1.5076,1007.06,100.8088,1,False,True,False,False,False,False,True,True,False,False,True
0.3453,8.168,821.2,23.37,1039.1,2090.0,0,0.3366,8.471,821.2,21.67,955.9,3223.0,0.282,0.0571,21.427,1.6541,995.28,87.3363,1,False,True,False,False,True,False,False,True,False,False,True
0.1868,8.223,701.7,22.29,1078.1,2628.0,0,0.3453,8.168,821.2,23.37,1039.1,2090.0,0.2661,0.0593,21.201,1.2955,1000.75,90.9321,0,False,True,False,False,False,True,False,True,True,False,False
0.2406,8.631,755.4,24.74,974.9,1702.0,0,0.1868,8.223,701.7,22.29,1078.1,2628.0,0.272,0.0525,21.674,1.6321,983.39,74.716,1,False,True,False,False,False,False,True,True,False,True,False
0.3231,9.484,867.6,23.98,1103.4,4572.0,0,0.2406,8.631,755.4,24.74,974.9,1702.0,0.2721,0.0527,21.945,1.7762,990.56,82.8632,1,False,True,False,False,False,True,False,True,False,False,True
0.3331,9.278,767.0,22.62,993.8,4748.0,0,0.3231,9.484,867.6,23.98,1103.4,4572.0,0.2772,0.0562,22.037,1.7859,984.09,79.4235,0,False,True,False,True,False,False,False,True,False,False,True
0.283,9.403,805.3,20.36,1034.5,2252.0,0,0.3331,9.278,767.0,22.62,993.8,4748.0,0.2768,0.0561,22.007,1.8139,990.79,80.6845,0,False,True,False,False,False,True,False,True,False,False,True
0.1971,8.354,709.5,22.36,968.8,1973.0,0,0.283,9.403,805.3,20.36,1034.5,2252.0,0.2716,0.0611,22.307,1.5574,1001.65,67.3633,1,False,True,False,False,False,True,False,True,True,False,False
0.3219,9.454,795.9,23.91,972.7,4008.0,0,0.1971,8.354,709.5,22.36,968.8,1973.0,0.2825,0.0591,22.484,1.635,998.79,67.984,1,False,True,False,False,False,False,True,True,False,False,True
0.1958,8.4,844.9,19.62,1012.0,1841.0,0,0.3219,9.454,795.9,23.91,972.7,4008.0,0.2763,0.065,22.492,1.6191,1013.32,49.679,0,False,True,False,False,False,False,True,True,True,False,False
0.2601,8.589,779.5,19.15,803.5,2851.0,0,0.1958,8.4,844.9,19.62,1012.0,1841.0,0.2687,0.0615,22.24,1.9279,998.08,82.0683,0,False,True,False,False,False,True,False,True,False,True,False
0.2641,8.818,820.5,22.05,955.8,460.0,0,0.2601,8.589,779.5,19.15,803.5,2851.0,0.2606,0.0553,22.108,1.8867,989.75,81.6686,0,False,True,False,False,False,False,True,True,False,True,False
0.292,8.869,875.7,24.29,813.3,1546.0,0,0.2641,8.818,820.5,22.05,955.8,460.0,0.2711,0.0494,22.308,2.0101,963.27,92.1019,1,False,True,False,False,False,False,True,True,False,False,True
0.2202,8.824,722.5,23.22,977.7,743.0,0,0.292,8.869,875.7,24.29,813.3,1546.0,0.269,0.0512,22.156,1.8574,963.55,92.1454,0,False,True,False,False,False,True,False,True,False,True,False
0.3466,8.204,773.4,22.83,1069.4,4503.0,0,0.2202,8.824,722.5,23.22,977.7,743.0,0.2714,0.0544,22.041,1.7653,960.15,86.8892,1,False,True,False,False,True,False,False,True,False,False,True
0.2638,8.83,895.7,19.06,1128.4,824.0,0,0.3466,8.204,773.4,22.83,1069.4,4503.0,0.2645,0.0499,21.685,1.9813,973.61,101.8232,1,False,True,False,False,True,False,False,True,False,True,False
0.2568,8.108,888.4,24.14,855.5,4355.0,0,0.2638,8.83,895.7,19.06,1128.4,824.0,0.2618,0.0495,22.063,2.0595,955.71,105.5935,0,False,True,False,False,False,False,True,True,False,True,False
0.2011,8.452,833.1,19.11,879.7,3133.0,0,0.2568,8.108,888.4,24.14,855.5,4355.0,0.2622,0.0489,21.738,2.2546,946.8,108.0957,0,False,True,False,False,False,True,False,True,True,False,False
0.2672,8.275,864.7,22.65,956.5,4178.0,0,0.2011,8.452,833.1,19.11,879.7,3133.0,0.2568,0.0443,21.612,2.1526,945.18,107.7854,1,False,True,False,False,True,False,False,True,False,True,False
0.2785,8.43,888.5,23.08,928.3,945.0,0,0.2672,8.275,864.7,22.65,956.5,4178.0,0.265,0.0391,21.958,2.0735,936.81,105.2398,0,False,True,False,False,False,True,False,True,False,True,False
0.2786,8.804,737.1,24.42,818.4,1872.0,0,0.2785,8.43,888.5,23.08,928.3,945.0,0.2669,0.0393,22.485,1.9463,938.3,103.2289,1,False,True,False,False,False,True,False,True,False,True,False
0.2423,8.19,709.6,23.54,1052.2,4612.0,0,0.2786,8.804,737.1,24.42,818.4,1872.0,0.2647,0.04,22.634,1.9662,947.94,109.3636,0,False,True,False,False,True,False,False,True,False,True,False
0.3144,8.198,879.0,21.84,1179.5,914.0,1,0.2423,8.19,709.6,23.54,1052.2,4612.0,0.267,0.0423,22.389,1.888,984.56,120.058,1,False,True,False,True,False,False,False,True,False,False,True
0.18,9.115,810.1,24.72,1138.5,4282.0,0,0.3144,8.198,879.0,21.84,1179.5,914.0,0.2629,0.0487,22.539,2.0166,1000.64,129.439,0,False,True,False,True,False,False,False,True,True,False,False
0.2151,8.869,735.8,22.79,1117.1,2768.0,0,0.18,9.115,810.1,24.72,1138.5,4282.0,0.2498,0.0407,22.535,2.016,1005.41,133.0821,0,False,True,False,False,False,False,True,True,True,False,False
0.3482,9.299,739.2,20.34,1020.4,4341.0,0,0.2151,8.869,735.8,22.79,1117.1,2768.0,0.2582,0.0513,22.663,1.7999,994.61,126.1962,1,False,True,False,False,False,True,False,True,False,False,True
0.3155,8.569,886.2,23.11,815.3,2751.0,0,0.3482,9.299,739.2,20.34,1020.4,4341.0,0.2641,0.0544,22.56,1.7343,990.59,131.6427,1,False,True,False,False,True,False,False,True,False,False,True
0.2723,0.0,758.6,21.29,859.8,3315.0,0,0.3155,8.569,886.2,23.11,815.3,2751.0,0.2712,0.0496,22.778,1.3459,988.6,133.6405,0,False,True,False,False,False,True,False,True,False,True,False
0.2594,8.017,831.4,19.7,949.4,4703.0,0,0.2723,0.0,758.6,21.29,859.8,3315.0,0.2704,0.0498,22.483,1.663,987.89,133.8487,1,False,True,False,False,False,False,True,True,False,True,False
0.3267,8.784,870.4,19.9,1069.6,987.0,0,0.2594,8.017,831.4,19.7,949.4,4703.0,0.2753,0.0529,22.165,1.8317,1002.02,134.3165,1,False,True,False,False,False,False,True,True,False,False,True
0.3145,9.269,888.6,23.5,1038.7,3630.0,1,0.3267,8.784,870.4,19.9,1069.6,987.0,0.2788,0.0543,22.073,1.7259,1024.05,117.9191,0,False,True,False,False,True,False,False,True,False,False,True
0.3382,8.766,833.4,19.51,1146.6,2165.0,0,0.3145,9.269,888.6,23.5,1038.7,3630.0,0.2884,0.0556,21.67,1.8136,1033.49,124.0426,1,False,True,False,False,True,False,False,True,False,False,True
0.197,8.972,708.9,22.29,977.1,2586.0,0,0.3382,8.766,833.4,19.51,1146.6,2165.0,0.2767,0.0616,21.715,1.8238,1013.25,113.6483,0,False,True,False,True,False,False,False,True,True,False,False
0.3122,9.032,819.1,20.69,1037.2,1690.0,0,0.197,8.972,708.9,22.29,977.1,2586.0,0.2899,0.052,21.312,1.5031,1003.12,105.4637,1,False,True,False,True,False,False,False,True,False,False,True
0.3487,8.115,800.6,20.89,1057.8,1640.0,0,0.3122,9.032,819.1,20.69,1037.2,1690.0,0.3033,0.0476,21.122,1.4129,997.19,99.8611,1,False,True,False,True,False,False,False,True,False,False,True
0.2516,9.252,791.1,20.61,1070.6,2757.0,0,0.3487,8.115,800.6,20.89,1057.8,1640.0,0.2936,0.0473,21.149,1.3988,1002.21,102.3873,0,False,True,False,False,False,True,False,True,False,True,False
0.2605,8.58,778.0,24.33,1115.3,3407.0,0,0.2516,9.252,791.1,20.61,1070.6,2757.0,0.2881,0.0476,21.271,1.6239,1032.21,83.8004,0,False,True,False,False,True,False,False,True,False,True,False
0.2834,8.207,763.7,19.84,1167.4,1254.0,0,0.2605,8.58,778.0,24.33,1115.3,3407.0,0.2892,0.0473,21.126,1.6856,1062.97,68.55,1,False,True,False,False,False,True,False,True,False,False,True
0.3243,9.208,814.8,22.89,883.1,4175.0,0,0.2834,8.207,763.7,19.84,1167.4,1254.0,0.2957,0.0473,21.445,1.6876,1056.34,82.5344,1,False,True,False,False,False,False,True,True,False,False,True
0.2943,8.179,738.1,19.51,989.0,2824.0,0,0.3243,9.208,814.8,22.89,883.1,4175.0,0.2925,0.046,21.406,1.7312,1048.28,84.9945,0,False,True,False,False,False,True,False,True,False,False,True
0.2771,9.354,726.3,22.1,897.0,3068.0,0,0.2943,8.179,738.1,19.51,989.0,2824.0,0.2887,0.0455,21.266,1.5942,1034.11,97.6402,1,False,True,False,False,False,False,True,True,False,True,False
0.0,8.507,821.4,18.91,1021.2,4756.0,0,0.2771,9.354,726.3,22.1,897.0,3068.0,0.2832,0.0446,21.206,1.6768,1021.57,89.2828,0,False,True,False,False,False,True,False,True,False,False,True
0.3415,9.178,833.7,20.11,1042.5,3881.0,0,0.0,8.507,821.4,18.91,1021.2,4756.0,0.2993,0.0346,20.988,1.6619,1028.11,88.0502,1,False,True,False,False,False,True,False,True,False,False,True
0.1887,8.883,743.6,20.26,1108.8,3036.0,0,0.3415,9.178,833.7,20.11,1042.5,3881.0,0.2856,0.0499,20.945,1.6759,1035.27,91.7067,0,False,True,False,False,True,False,False,True,True,False,False
0.2771,8.118,856.1,21.33,802.9,2969.0,0,0.1887,8.883,743.6,20.26,1108.8,3036.0,0.2776,0.0439,20.989,1.6801,1009.78,116.7532,0,False,True,False,True,False,False,False,True,False,True,False
0.3269,8.238,851.4,23.86,976.2,1911.0,0,0.2771,8.118,856.1,21.33,802.9,2969.0,0.286,0.0455,21.314,1.8987,1000.34,115.0938,1,False,True,False,True,False,False,False,True,False,False,True
0.227,8.556,836.8,20.56,999.5,3186.0,0,0.3269,8.238,851.4,23.86,976.2,1911.0,0.2823,0.0491,20.937,1.5811,988.76,107.839,0,False,True,False,False,False,False,True,True,False,True,False
0.2017,8.45,770.4,18.63,1161.7,2493.0,0,0.227,8.556,836.8,20.56,999.5,3186.0,0.2732,0.0559,20.816,1.715,988.19,106.7999,0,False,True,False,False,True,False,False,True,True,False,False
0.1844,9.039,723.4,18.28,838.0,3829.0,0,0.2017,8.45,770.4,18.63,1161.7,2493.0,0.2576,0.0593,20.355,1.7151,983.68,112.5294,0,False,True,False,False,True,False,False,True,True,False,False
0.1873,8.574,836.2,22.88,988.2,3780.0,0,0.1844,9.039,723.4,18.28,838.0,3829.0,0.2457,0.0617,20.692,1.856,983.6,112.5254,0,False,True,False,True,False,False,False,True,True,False,False
0.2732,8.093,894.5,24.53,884.4,1524.0,0,0.1873,8.574,836.2,22.88,988.2,3780.0,0.2453,0.0615,20.935,2.1898,982.34,113.6676,0,False,True,False,False,False,False,True,True,False,True,False
0.2914,8.309,784.3,24.39,812.5,3832.0,0,0.2732,8.093,894.5,24.53,884.4,1524.0,0.2499,0.0597,21.483,2.3092,961.47,124.3932,1,False,True,False,False,False,True,False,True,False,False,True
0.2037,8.37,784.9,24.03,884.5,1523.0,0,0.2914,8.309,784.3,24.39,812.5,3832.0,0.2361,0.0516,21.875,2.3818,945.67,122.9838,1,False,True,False,False,False,False,True,True,True,False,False
0.2501,8.265,792.9,20.32,1136.3,4308.0,0,0.2037,8.37,784.9,24.03,884.5,1523.0,0.2423,0.0489,21.881,2.3774,948.42,127.2695,1,False,True,False,False,False,True,False,True,False,True,False
0.2883,9.371,872.4,20.06,850.2,608.0,0,0.2501,8.265,792.9,20.32,1136.3,4308.0,0.2434,0.0499,21.754,2.4431,953.15,122.0315,1,False,True,False,False,False,True,False,True,False,False,True
0.3496,8.738,766.1,19.73,1095.8,1376.0,0,0.2883,9.371,872.4,20.06,850.2,608.0,0.2457,0.0545,21.341,2.3961,965.11,130.1335,1,False,True,False,False,False,False,True,True,False,False,True
0.2197,9.092,891.2,21.41,1194.3,4679.0,0,0.3496,8.738,766.1,19.73,1095.8,1376.0,0.2449,0.0548,21.426,2.3804,984.59,149.0575,0,False,True,False,False,True,False,False,True,True,False,False
0.2661,8.054,887.7,23.94,947.9,4832.0,0,0.2197,9.092,891.2,21.41,1194.3,4679.0,0.2514,0.0529,21.957,2.2774,963.21,135.5525,1,False,True,False,False,True,False,False,True,False,True,False
0.2279,8.612,855.4,23.81,1183.9,1785.0,0,0.2661,8.054,887.7,23.94,947.9,4832.0,0.2557,0.0484,22.51,1.9303,997.8,143.926,0,False,True,False,False,False,False,True,True,False,True,False
0.2832,8.303,813.6,19.08,1083.7,839.0,0,0.2279,8.612,855.4,23.81,1183.9,1785.0,0.2653,0.0424,22.13,2.204,1007.35,146.3659,0,False,True,False,True,False,False,False,True,False,False,True
0.2753,9.016,849.2,20.86,895.1,1796.0,0,0.2832,8.303,813.6,19.08,1083.7,839.0,0.2655,0.0425,21.763,2.0609,1008.42,145.4032,0,False,True,False,False,False,True,False,True,False,True,False
0.3008,8.723,851.2,19.41,820.7,568.0,0,0.2753,9.016,849.2,20.86,895.1,1796.0,0.2665,0.0432,21.265,1.9545,1009.24,144.1936,1,False,True,False,True,False,False,False,True,False,False,True
0.2988,8.712,815.1,24.24,1106.9,1191.0,0,0.3008,8.723,851.2,19.41,820.7,568.0,0.276,0.038,21.286,1.9883,1031.48,139.9037,1,False,True,False,False,True,False,False,True,False,False,True
0.2539,8.327,843.4,24.64,988.8,757.0,0,0.2988,8.712,815.1,24.24,1106.9,1191.0,0.2764,0.0377,21.718,2.2118,1016.73,135.3252,1,False,True,False,True,False,False,False,True,False,True,False
0.3215,8.57,704.7,24.77,974.7,719.0,0,0.2539,8.327,843.4,24.64,988.8,757.0,0.2797,0.0403,22.189,2.3185,1029.18,123.5135,1,False,True,False,True,False,False,False,True,False,False,True
0.3466,8.461,849.5,18.31,898.3,1277.0,0,0.3215,8.57,704.7,24.77,974.7,719.0,0.2794,0.0397,22.047,2.5205,1009.43,127.4062,1,False,True,False,False,False,False,True,True,False,False,True
0.2132,9.341,808.9,18.17,903.4,4033.0,0,0.3466,8.461,849.5,18.31,898.3,1277.0,0.2787,0.0408,21.723,2.8038,980.34,112.8885,0,False,True,False,False,False,True,False,True,True,False,False
0.3322,8.59,803.3,19.42,995.3,3613.0,0,0.2132,9.341,808.9,18.17,903.4,4033.0,0.2853,0.0438,21.271,2.7708,985.08,112.3689,1,False,True,False,False,False,True,False,True,False,False,True
0.3263,9.07,703.2,20.0,1094.8,3062.0,0,0.3322,8.59,803.3,19.42,995.3,3613.0,0.2952,0.0404,20.89,2.6419,976.17,97.386,1,False,True,False,True,False,False,False,True,False,False,True
0.1819,8.05,817.7,19.34,834.6,506.0,0,0.3263,9.07,703.2,20.0,1094.8,3062.0,0.285,0.0541,20.916,2.6233,951.26,98.6748,0,False,True,False,False,False,False,True,True,True,False,False
0.3237,8.275,736.3,20.72,819.0,498.0,0,0.1819,8.05,817.7,19.34,834.6,506.0,0.2899,0.0553,20.902,2.624,943.65,106.1394,0,False,True,False,True,False,False,False,True,False,False,True
0.3195,8.617,743.8,20.71,1090.4,2964.0,0,0.3237,8.275,736.3,20.72,819.0,498.0,0.2918,0.056,21.032,2.5736,970.62,105.691,1,False,True,False,False,True,False,False,True,False,False,True
0.2866,8.03,853.2,21.99,1076.0,4111.0,0,0.3195,8.617,743.8,20.71,1090.4,2964.0,0.2905,0.056,20.807,2.3506,967.53,101.6379,0,False,True,False,False,False,False,True,True,False,False,True
0.193,8.038,723.4,21.65,1091.9,3120.0,0,0.2866,8.03,853.2,21.99,1076.0,4111.0,0.2844,0.0632,20.508,1.9679,977.84,108.9979,0,False,True,False,False,True,False,False,True,True,False,False
0.1859,8.189,887.8,22.94,1051.6,4349.0,1,0.193,8.038,723.4,21.65,1091.9,3120.0,0.2709,0.0687,20.325,1.573,985.53,111.4372,1,False,True,False,False,False,False,True,True,True,False,False
0.3287,9.454,861.7,21.91,1117.3,2215.0,0,0.1859,8.189,887.8,22.94,1051.6,4349.0,0.2691,0.0667,20.685,1.4691,1007.43,113.8822,1,False,True,False,True,False,False,False,True,False,False,True
0.257,8.419,752.0,19.69,1060.1,521.0,0,0.3287,9.454,861.7,21.91,1117.3,2215.0,0.2735,0.064,20.837,1.2409,1023.1,108.6374,0,False,True,False,False,True,False,False,True,False,True,False
0.2326,8.438,881.7,20.27,1135.7,1313.0,0,0.257,8.419,752.0,19.69,1060.1,521.0,0.2635,0.0616,20.922,1.1595,1037.14,113.6043,0,False,True,False,False,True,False,False,True,False,True,False
0.2403,8.587,813.6,20.89,1184.4,3821.0,0,0.2326,8.438,881.7,20.27,1135.7,1313.0,0.2549,0.0577,21.011,1.1142,1046.1,121.8886,1,False,True,False,False,False,True,False,True,False,True,False
0.3106,8.825,843.7,24.12,935.3,774.0,0,0.2403,8.587,813.6,20.89,1184.4,3821.0,0.2678,0.0539,21.489,1.3233,1056.17,105.5367,1,False,True,False,True,False,False,False,True,False,False,True
0.1998,9.063,757.6,23.18,1000.4,4177.0,0,0.3106,8.825,843.7,24.12,935.3,774.0,0.2554,0.0538,21.735,1.3914,1074.31,69.771,0,False,True,False,False,False,True,False,True,True,False,False
0.323,8.802,882.1,19.29,1110.2,461.0,0,0.1998,9.063,757.6,23.18,1000.4,4177.0,0.2558,0.0543,21.593,1.5688,1076.29,70.5549,1,False,True,False,True,False,False,False,True,False,False,True
0.3415,8.09,835.9,20.87,802.3,1446.0,0,0.323,8.802,882.1,19.29,1110.2,461.0,0.2612,0.0602,21.481,1.5773,1048.92,111.7444,1,False,True,False,False,False,False,True,True,False,False,True
0.2006,9.269,701.9,20.16,1003.3,1127.0,0,0.3415,8.09,835.9,20.87,802.3,1446.0,0.262,0.0593,21.332,1.629,1040.06,111.47,0,False,True,False,False,True,False,False,True,True,False,False
0.2249,8.232,796.4,21.48,1136.4,1508.0,0,0.2006,9.269,701.9,20.16,1003.3,1127.0,0.2659,0.0548,21.186,1.5314,1048.54,115.5947,0,False,True,False,True,False,False,False,True,False,True,False
0.3126,8.424,707.3,23.99,870.0,207.0,0,0.0,0.0,0.0,0.0,0.0,0.0,0.3126,0.0,23.99,0.0,870.0,0.0,0,False,False,True,True,False,False,False,True,False,False,True
0.2439,9.463,856.0,24.61,840.7,3065.0,0,0.3126,8.424,707.3,23.99,870.0,207.0,0.2782,0.0486,24.3,0.4384,855.35,20.7182,0,False,False,True,False,False,False,True,True,False,True,False
0.3138,8.977,817.8,24.05,828.1,2807.0,0,0.2439,9.463,856.0,24.61,840.7,3065.0,0.2901,0.04,24.2167,0.342,846.2667,21.4975,0,False,False,True,False,True,False,False,True,False,False,True
0.2875,8.271,774.5,24.91,814.4,2097.0,0,0.3138,8.977,817.8,24.05,828.1,2807.0,0.2894,0.0327,24.39,0.4451,838.3,23.7058,0,False,False,True,False,True,False,False,True,False,False,True
0.2275,8.8,791.5,20.47,839.4,551.0,0,0.2875,8.271,774.5,24.91,814.4,2097.0,0.2771,0.0396,23.606,1.795,838.52,20.5357,0,False,False,True,False,False,False,True,True,False,True,False
0.2961,8.855,743.3,23.04,858.9,4896.0,0,0.2275,8.8,791.5,20.47,839.4,551.0,0.2802,0.0363,23.5117,1.622,841.9167,20.1643,0,False,False,True,True,False,False,False,True,False,False,True
0.2076,9.403,886.2,20.53,971.8,4492.0,0,0.2961,8.855,743.3,23.04,858.9,4896.0,0.2699,0.043,23.0857,1.8608,860.4714,52.4289,0,False,False,True,True,False,False,False,True,True,False,False
0.3117,9.166,845.4,18.35,949.4,3705.0,0,0.2076,9.403,886.2,20.53,971.8,4492.0,0.2751,0.0425,22.4938,2.4023,871.5875,57.8328,0,False,False,True,True,False,False,False,True,False,False,True
0.2186,8.835,702.4,23.58,1193.3,4607.0,0,0.3117,9.166,845.4,18.35,949.4,3705.0,0.2688,0.044,22.6144,2.2762,907.3333,120.1101,0,False,False,True,False,False,False,True,True,True,False,False
0.3402,8.726,716.7,22.02,800.3,1641.0,0,0.2186,8.835,702.4,23.58,1193.3,4607.0,0.276,0.0472,22.555,2.1542,896.63,118.191,1,False,False,True,False,True,False,False,True,False,False,True
0.188,9.07,768.7,23.16,1025.7,2707.0,0,0.3402,8.726,716.7,22.02,800.3,1641.0,0.2635,0.0526,22.472,2.1083,912.2,124.3864,0,False,False,True,False,False,True,False,True,True,False,False
0.2389,8.612,701.5,24.71,1161.6,3311.0,0,0.188,9.07,768.7,23.16,1025.7,2707.0,0.263,0.0528,22.482,2.1197,944.29,143.7738,1,False,False,True,False,True,False,False,True,False,True,False
0.2737,8.869,731.9,20.39,1050.9,577.0,0,0.2389,8.612,701.5,24.71,1161.6,3311.0,0.259,0.05,22.116,2.1348,966.57,141.0042,0,False,False,True,True,False,False,False,True,False,True,False
0.1941,9.244,858.8,18.25,1113.2,277.0,0,0.2737,8.869,731.9,20.39,1050.9,577.0,0.2496,0.0527,21.45,2.2041,996.45,136.7708,0,False,False,True,False,True,False,False,True,True,False,False
0.2115,8.335,713.7,19.73,860.7,1407.0,0,0.1941,9.244,858.8,18.25,1113.2,277.0,0.248,0.0537,21.376,2.2525,998.58,134.1948,0,False,False,True,True,False,False,False,True,True,False,False
0.348,9.001,774.6,18.72,815.0,4952.0,0,0.2115,8.335,713.7,19.73,860.7,1407.0,0.2532,0.0609,20.944,2.3114,994.19,139.87,1,False,False,True,True,False,False,False,True,False,False,True
0.219,9.455,868.2,24.17,1133.8,938.0,0,0.348,9.001,774.6,18.72,815.0,4952.0,0.2544,0.06,21.308,2.5165,1010.39,146.2258,0,False,False,True,False,True,False,False,True,True,False,False
0.2287,9.097,719.5,21.59,917.1,1432.0,0,0.219,9.455,868.2,24.17,1133.8,938.0,0.2461,0.0569,21.632,2.2919,1007.16,148.0678,0,False,False,True,False,False,False,True,True,False,True,False
0.1964,8.182,745.9,21.52,1105.9,3294.0,0,0.2287,9.097,719.5,21.59,917.1,1432.0,0.2438,0.0585,21.426,2.1876,998.42,138.104,1,False,False,True,False,False,False,True,True,True,False,False
0.2542,8.241,849.3,21.67,863.9,324.0,0,0.1964,8.182,745.9,21.52,1105.9,3294.0,0.2352,0.0482,21.391,2.1798,1004.78,129.1399,1,False,False,True,False,False,True,False,True,False,True,False
0.3256,8.501,898.2,18.6,1194.2,2978.0,1,0.2542,8.241,849.3,21.67,863.9,324.0,0.249,0.0526,20.935,2.2446,1021.63,142.4769,0,False,False,True,False,False,True,False,True,False,False,True
0.2588,8.981,779.1,18.33,1075.5,3121.0,0,0.3256,8.501,898.2,18.6,1194.2,2978.0,0.251,0.0526,20.297,1.9382,1013.02,135.5098,1,False,False,True,False,False,True,False,True,False,True,False
0.1834,8.294,722.8,20.35,1195.0,1794.0,0,0.2588,8.981,779.1,18.33,1075.5,3121.0,0.242,0.0559,20.293,1.938,1027.43,147.1475,0,False,False,True,True,False,False,False,True,True,False,False
0.283,9.395,894.0,22.27,826.3,1871.0,0,0.1834,8.294,722.8,20.35,1195.0,1794.0,0.2509,0.0545,20.695,1.8833,998.74,156.2537,1,False,False,True,False,True,False,False,True,False,False,True
0.3215,8.026,834.1,19.44,1087.9,3496.0,1,0.283,9.395,894.0,22.27,826.3,1871.0,0.2619,0.0567,20.666,1.902,1021.46,150.3587,1,False,False,True,False,False,True,False,True,False,False,True
0.1946,9.38,731.2,24.14,810.8,2536.0,0,0.3215,8.026,834.1,19.44,1087.9,3496.0,0.2465,0.0513,21.208,2.0521,1021.04,151.0039,0,False,False,True,False,False,False,True,True,True,False,False
0.33,8.996,789.6,23.54,889.7,4086.0,0,0.1946,9.38,731.2,24.14,810.8,2536.0,0.2576,0.0564,21.145,1.9586,996.63,150.4794,1,False,False,True,False,False,True,False,True,False,False,True
0.2406,8.092,716.1,18.87,881.8,1850.0,0,0.33,8.996,789.6,23.54,889.7,4086.0,0.2588,0.0559,20.873,2.0754,993.1,152.9462,1,False,False,True,False,False,True,False,True,False,True,False
0.3161,8.046,858.9,24.28,1088.7,2635.0,0,0.2406,8.092,716.1,18.87,881.8,1850.0,0.2708,0.0538,21.149,2.3379,991.38,151.6278,1,False,False,True,False,False,False,True,True,False,False,True
0.221,9.375,865.5,21.62,1192.6,2551.0,0,0.3161,8.046,858.9,24.28,1088.7,2635.0,0.2675,0.0559,21.144,2.3367,1024.25,156.4725,0,False,False,True,False,False,False,True,True,False,True,False
0.2886,9.25,856.9,20.73,1193.6,3733.0,0,0.221,9.375,865.5,21.62,1192.6,2551.0,0.2638,0.0528,21.357,2.1702,1024.19,156.4002,1,False,False,True,False,False,True,False,True,False,False,True
0.2215,8.98,775.3,18.64,1178.6,1116.0,0,0.2886,9.25,856.9,20.73,1193.6,3733.0,0.26,0.0545,21.388,2.1239,1034.5,163.4,0,False,False,True,False,True,False,False,True,False,True,False
0.2899,8.188,890.5,20.09,1141.1,4538.0,0,0.2215,8.98,775.3,18.64,1178.6,1116.0,0.2707,0.0478,21.362,2.1395,1029.11,158.3276,1,False,False,True,False,False,False,True,True,False,False,True
0.2183,8.944,786.7,19.33,944.8,2396.0,0,0.2899,8.188,890.5,20.09,1141.1,4538.0,0.2642,0.0503,21.068,2.202,1040.96,145.3657,0,False,False,True,False,False,False,True,True,True,False,False
0.2486,9.102,752.9,21.82,819.4,1223.0,0,0.2183,8.944,786.7,19.33,944.8,2396.0,0.2569,0.0462,21.306,2.134,1014.11,159.8114,1,False,False,True,False,False,False,True,True,False,True,False
0.2407,9.284,865.8,18.34,816.9,1907.0,0,0.2486,9.102,752.9,21.82,819.4,1223.0,0.2615,0.0413,20.726,2.0653,1014.72,158.9585,0,False,False,True,False,False,True,False,True,False,True,False
0.2266,8.23,787.6,22.25,1078.7,4904.0,0,0.2407,9.284,865.8,18.34,816.9,1907.0,0.2512,0.0347,20.597,1.904,1033.62,153.5873,1,False,False,True,False,False,True,False,True,False,True,False
0.2511,8.851,744.4,24.23,987.8,592.0,0,0.2266,8.23,787.6,22.25,1078.7,4904.0,0.2522,0.0345,21.133,2.1074,1044.22,145.3838,0,False,False,True,False,True,False,False,True,False,True,False
0.272,8.891,889.5,19.06,1056.2,3009.0,0,0.2511,8.851,744.4,24.23,987.8,592.0,0.2478,0.0275,20.611,1.8749,1040.97,144.6403,1,False,False,True,False,False,False,True,True,False,True,False
0.1844,9.175,830.0,21.15,968.2,3633.0,0,0.272,8.891,889.5,19.06,1056.2,3009.0,0.2442,0.0333,20.564,1.8526,1018.53,135.6285,0,False,False,True,False,False,True,False,True,True,False,False
0.2613,9.015,759.1,22.81,1095.9,3345.0,0,0.1844,9.175,830.0,21.15,968.2,3633.0,0.2414,0.0302,20.772,1.9853,1008.76,124.6942,1,False,False,True,True,False,False,False,True,False,True,False
0.2379,8.993,886.7,18.7,1014.7,2403.0,0,0.2613,9.015,759.1,22.81,1095.9,3345.0,0.2431,0.0295,20.778,1.9782,992.37,109.768,1,False,False,True,False,False,True,False,True,False,True,False
0.211,8.261,723.6,22.85,964.6,2231.0,0,0.2379,8.993,886.7,18.7,1014.7,2403.0,0.2352,0.0259,21.054,2.0623,974.72,96.5957,0,False,False,True,False,False,False,True,True,True,False,False
0.1952,9.064,747.9,19.92,978.7,3140.0,0,0.211,8.261,723.6,22.85,964.6,2231.0,0.2329,0.0285,21.113,2.0154,978.11,96.0221,0,False,False,True,False,True,False,False,True,True,False,False
0.2201,8.409,815.8,19.81,1192.7,3764.0,0,0.1952,9.064,747.9,19.92,978.7,3140.0,0.23,0.0281,20.912,2.0372,1015.44,99.9483,1,False,False,True,False,True,False,False,True,False,True,False
0.2969,8.701,864.8,24.12,938.7,1610.0,0,0.2201,8.409,815.8,19.81,1192.7,3764.0,0.2356,0.0352,21.49,2.0463,1027.62,78.0984,1,False,False,True,False,True,False,False,True,False,False,True
0.3418,8.151,852.8,22.05,984.0,3692.0,0,0.2969,8.701,864.8,24.12,938.7,1610.0,0.2472,0.0483,21.47,2.039,1018.15,76.9495,1,False,False,True,False,False,True,False,True,False,False,True
0.2926,8.736,850.8,23.71,970.2,894.0,0,0.3418,8.151,852.8,22.05,984.0,3692.0,0.2513,0.0504,21.418,1.9661,1016.39,77.916,1,False,False,True,False,True,False,False,True,False,False,True
0.3301,9.065,839.0,19.09,1129.6,3798.0,0,0.2926,8.736,850.8,23.71,970.2,894.0,0.2571,0.0561,21.421,1.9621,1023.73,85.1998,1,False,False,True,False,False,True,False,True,False,False,True
0.2131,8.383,895.8,18.45,993.3,935.0,0,0.3301,9.065,839.0,19.09,1129.6,3798.0,0.26,0.0526,21.151,2.1775,1026.24,83.7393,0,False,False,True,False,False,True,False,True,True,False,False
0.2177,9.019,800.3,20.04,1183.2,3673.0,0,0.2131,8.383,895.8,18.45,993.3,935.0,0.2556,0.0543,20.874,2.1184,1034.97,95.5291,0,False,False,True,True,False,False,False,True,True,False,False
0.2733,8.235,870.5,18.05,828.8,1020.0,0,0.2177,9.019,800.3,20.04,1183.2,3673.0,0.2592,0.0541,20.809,2.2009,1016.38,115.8407,0,False,False,True,False,True,False,False,True,False,True,False
0.2065,9.358,755.9,22.9,1187.0,1337.0,0,0.2733,8.235,870.5,18.05,828.8,1020.0,0.2587,0.0546,20.814,2.2061,1038.62,125.7225,0,False,False,True,False,True,False,False,True,True,False,False
0.2088,8.519,710.0,24.01,1095.9,1394.0,0,0.2065,9.358,755.9,22.9,1187.0,1337.0,0.2601,0.053,21.223,2.3932,1050.34,124.9766,0,False,False,True,False,False,False,True,True,True,False,False
0.2069,8.025,890.5,23.11,994.0,2256.0,0,0.2088,8.519,710.0,24.01,1095.9,1394.0,0.2588,0.0542,21.553,2.4042,1030.47,115.2447,0,False,False,True,False,False,True,False,True,True,False,False
0.302,9.4,856.5,22.23,850.5,4347.0,0,0.2069,8.025,890.5,23.11,994.0,2256.0,0.2593,0.0547,21.364,2.2492,1021.65,125.9284,1,False,False,True,False,False,False,True,True,False,False,True
0.3464,9.394,883.9,20.71,910.0,3342.0,0,0.302,9.4,856.5,22.23,850.5,4347.0,0.2597,0.0555,21.23,2.2437,1014.25,130.4787,1,False,False,True,True,False,False,False,True,False,False,True
0.3203,8.043,751.6,21.95,990.8,3477.0,1,0.3464,9.394,883.9,20.71,910.0,3342.0,0.2625,0.0579,21.054,2.0914,1016.31,129.8671,1,False,False,True,True,False,False,False,True,False,False,True
0.3343,8.203,796.2,20.69,1156.1,2855.0,0,0.3203,8.043,751.6,21.95,990.8,3477.0,0.2629,0.0585,21.214,1.9829,1018.96,132.6757,1,False,False,True,False,False,False,True,True,False,False,True
0.2097,8.247,832.9,19.91,861.6,1838.0,0,0.3343,8.203,796.2,20.69,1156.1,2855.0,0.2626,0.0588,21.36,1.8023,1005.79,141.7333,1,False,False,True,True,False,False,False,True,True,False,False
0.316,8.514,809.0,21.86,1166.6,2343.0,0,0.2097,8.247,832.9,19.91,861.6,1838.0,0.2724,0.0587,21.542,1.7452,1004.13,139.5042,1,False,False,True,True,False,False,False,True,False,False,True
0.2307,8.356,872.6,18.57,1059.4,2049.0,0,0.316,8.514,809.0,21.86,1166.6,2343.0,0.2682,0.0601,21.594,1.6337,1027.19,125.6757,0,False,False,True,False,True,False,False,True,False,True,False
0.188,9.178,702.1,23.58,1180.3,1548.0,0,0.2307,8.356,872.6,18.57,1059.4,2049.0,0.2663,0.0625,21.662,1.7067,1026.52,124.7435,0,False,False,True,True,False,False,False,True,True,False,False
0.2822,8.703,869.1,18.42,843.3,321.0,0,0.188,9.178,702.1,23.58,1180.3,1548.0,0.2736,0.0592,21.103,1.7666,1001.26,134.3394,0,False,False,True,False,False,False,True,True,False,False,True
0.2791,8.2,728.8,20.87,892.1,846.0,0,0.2822,8.703,869.1,18.42,843.3,321.0,0.2809,0.0544,20.879,1.6197,991.07,138.7438,1,False,False,True,False,False,False,True,True,False,True,False
0.2591,9.397,806.7,23.11,883.1,1393.0,0,0.2791,8.2,728.8,20.87,892.1,846.0,0.2766,0.0542,20.967,1.722,994.33,135.417,0,False,False,True,True,False,False,False,True,False,True,False
0.194,8.122,788.1,22.91,940.0,2928.0,0,0.2591,9.397,806.7,23.11,883.1,1393.0,0.2613,0.0538,21.187,1.823,997.33,133.6621,0,False,False,True,True,False,False,False,True,True,False,False
0.226,8.27,746.8,22.54,810.3,2490.0,0,0.194,8.122,788.1,22.91,940.0,2928.0,0.2519,0.0505,21.246,1.8597,979.28,146.2379,1,False,False,True,True,False,False,False,True,False,True,False
0.2093,8.472,746.5,22.02,925.3,770.0,0,0.226,8.27,746.8,22.54,810.3,2490.0,0.2394,0.0427,21.379,1.863,956.2,132.8287,0,False,False,True,True,False,False,False,True,True,False,False
0.2512,8.567,800.8,22.55,964.8,2012.0,0,0.2093,8.472,746.5,22.02,925.3,770.0,0.2436,0.0415,21.643,1.8183,966.52,128.6041,0,False,False,True,False,True,False,False,True,False,True,False
0.1947,8.703,862.0,19.94,1035.1,985.0,0,0.2512,8.567,800.8,22.55,964.8,2012.0,0.2314,0.0352,21.451,1.8926,953.37,111.4515,0,False,False,True,True,False,False,False,True,True,False,False
0.3174,8.572,701.3,18.33,1029.0,3553.0,0,0.1947,8.703,862.0,19.94,1035.1,985.0,0.2401,0.0445,21.427,1.9343,950.33,108.6166,1,False,False,True,False,True,False,False,True,False,False,True
0.1966,8.772,842.2,24.06,882.7,213.0,0,0.3174,8.572,701.3,18.33,1029.0,3553.0,0.241,0.0434,21.475,1.9986,920.57,73.7934,0,False,False,True,False,False,True,False,True,True,False,False
0.2234,8.284,806.8,20.98,1022.0,984.0,0,0.1966,8.772,842.2,24.06,882.7,213.0,0.2351,0.0411,21.731,1.7063,938.44,74.6348,1,False,False,True,False,False,False,True,True,False,True,False
0.249,8.703,853.5,21.61,815.3,3960.0,0,0.2234,8.284,806.8,20.98,1022.0,984.0,0.2321,0.0386,21.805,1.6807,930.76,83.373,0,False,False,True,False,False,True,False,True,False,True,False
0.3422,8.736,771.2,22.47,1060.2,4557.0,0,0.249,8.703,853.5,21.61,815.3,3960.0,0.2404,0.0518,21.741,1.6371,948.47,90.619,1,False,False,True,False,False,False,True,True,False,False,True
0.3327,8.976,891.4,21.17,856.4,3954.0,0,0.3422,8.736,771.2,22.47,1060.2,4557.0,0.2543,0.0563,21.567,1.5909,940.11,95.2263,1,False,False,True,False,False,False,True,True,False,False,True
0.2194,9.18,868.5,24.75,972.8,3222.0,1,0.3327,8.976,891.4,21.17,856.4,3954.0,0.2536,0.0567,21.788,1.8701,956.36,83.792,1,False,False,True,False,True,False,False,True,True,False,False
0.3295,8.911,702.2,21.82,902.0,4610.0,0,0.2194,9.18,868.5,24.75,972.8,3222.0,0.2656,0.059,21.768,1.8684,954.03,85.0659,1,False,False,True,True,False,False,False,True,False,False,True
0.0,8.46,776.6,18.58,913.1,2050.0,0,0.3295,8.911,702.2,21.82,902.0,4610.0,0.2672,0.0623,21.371,2.0921,948.86,85.9055,0,False,False,True,True,False,False,False,True,False,False,True
0.2875,8.789,840.0,18.04,927.7,1778.0,0,0.0,8.46,776.6,18.58,913.1,2050.0,0.2775,0.0562,21.181,2.3113,938.12,80.4672,0,False,False,True,True,False,False,False,True,False,False,True
0.2621,8.47,702.0,23.42,1039.2,4173.0,0,0.2875,8.789,840.0,18.04,927.7,1778.0,0.2714,0.0543,21.69,2.1698,939.14,81.8008,0,False,False,True,False,False,True,False,True,False,True,False
0.2136,9.268,896.9,23.67,1032.7,4278.0,0,0.2621,8.47,702.0,23.42,1039.2,4173.0,0.2733,0.0516,21.651,2.1256,954.14,84.024,0,False,False,True,False,False,False,True,True,True,False,False
0.2449,9.33,807.7,22.44,932.8,4129.0,0,0.2136,9.268,896.9,23.67,1032.7,4278.0,0.2757,0.0495,21.797,2.1245,945.22,80.6881,0,False,False,True,False,False,False,True,True,False,True,False
0.2961,8.302,759.7,19.15,1059.7,4217.0,0,0.2449,9.33,807.7,22.44,932.8,4129.0,0.2809,0.0488,21.551,2.2849,969.66,73.6723,0,False,False,True,False,False,True,False,True,False,False,True
0.231,8.854,768.4,22.29,1146.5,4695.0,0,0.2961,8.302,759.7,19.15,1059.7,4217.0,0.2685,0.0453,21.533,2.2776,978.29,88.931,0,False,False,True,False,False,False,True,True,False,True,False
0.2492,8.574,738.4,20.19,1174.5,1506.0,0,0.231,8.854,768.4,22.29,1146.5,4695.0,0.2593,0.0385,21.435,2.3157,1010.1,97.0115,0,False,False,True,True,False,False,False,True,False,True,False
0.3171,8.853,728.8,21.4,894.0,572.0,0,0.2492,8.574,738.4,20.19,1174.5,1506.0,0.2701,0.0396,21.1,2.0042,1002.22,103.3699,1,False,False,True,False,False,False,True,True,False,False,True
0.3488,8.954,843.6,21.03,1083.7,2683.0,0,0.3171,8.853,728.8,21.4,894.0,572.0,0.2723,0.0436,21.021,1.9882,1020.39,99.7003,1,False,False,True,False,True,False,False,True,False,False,True
0.2092,8.989,757.2,18.93,1005.8,1507.0,0,0.3488,8.954,843.6,21.03,1083.7,2683.0,0.266,0.0457,21.056,1.943,1029.66,92.6786,0,False,False,True,False,False,True,False,True,True,False,False
0.2987,8.589,898.5,19.05,1009.7,1373.0,0,0.2092,8.989,757.2,18.93,1005.8,1507.0,0.2671,0.0464,21.157,1.789,1037.86,86.0452,1,False,False,True,False,True,False,False,True,False,False,True
0.2818,9.108,758.1,19.63,818.9,3254.0,0,0.2987,8.589,898.5,19.05,1009.7,1373.0,0.269,0.0466,20.778,1.6525,1015.83,110.4146,1,False,False,True,False,False,True,False,True,False,False,True
0.3267,8.36,710.8,20.91,840.6,3165.0,0,0.2818,9.108,758.1,19.63,818.9,3254.0,0.2804,0.0453,20.502,1.311,996.62,123.1319,1,False,False,True,False,True,False,False,True,False,False,True
0.2759,8.643,849.2,23.55,972.6,4971.0,0,0.3267,8.36,710.8,20.91,840.6,3165.0,0.2834,0.0437,20.613,1.5232,1000.6,121.4719,0,False,False,True,False,False,False,True,True,False,True,False
0.2242,8.13,847.8,20.02,943.2,430.0,0,0.2759,8.643,849.2,23.55,972.6,4971.0,0.2763,0.0471,20.7,1.4536,988.95,120.7585,1,False,False,True,False,True,False,False,True,False,True,False
0.2187,8.561,870.3,18.94,1048.1,3893.0,0,0.2242,8.13,847.8,20.02,943.2,430.0,0.275,0.0486,20.365,1.4323,979.11,110.0262,0,False,False,True,False,False,False,True,True,True,False,False
0.2796,8.349,807.8,20.66,1199.6,4315.0,0,0.2187,8.561,870.3,18.94,1048.1,3893.0,0.2781,0.0477,20.412,1.4336,981.62,115.1461,0,False,False,True,False,False,False,True,True,False,True,False
0.3101,8.381,760.5,23.28,801.0,2532.0,0,0.2796,8.349,807.8,20.66,1199.6,4315.0,0.2774,0.0471,20.6,1.6797,972.32,126.2312,0,False,False,True,False,False,True,False,True,False,False,True
0.2227,8.237,800.0,23.08,992.2,1375.0,0,0.3101,8.381,760.5,23.28,801.0,2532.0,0.2648,0.0426,20.805,1.8541,963.17,120.4443,0,False,False,True,False,True,False,False,True,False,True,False
0.3262,8.55,735.7,22.8,865.7,2966.0,0,0.2227,8.237,800.0,23.08,992.2,1375.0,0.2765,0.0417,21.192,1.8229,949.16,123.0545,1,False,False,True,True,False,False,False,True,False,False,True
0.3378,9.493,833.4,22.38,892.3,2591.0,0,0.3262,8.55,735.7,22.8,865.7,2966.0,0.2804,0.0456,21.525,1.6872,937.42,122.2345,1,False,False,True,False,False,False,True,True,False,False,True
0.2118,8.279,724.8,20.13,883.6,1502.0,0,0.3378,9.493,833.4,22.38,892.3,2591.0,0.2734,0.0505,21.575,1.6313,943.89,116.8581,0,False,False,True,False,True,False,False,True,True,False,False
0.1803,8.797,719.4,19.21,1025.1,2872.0,0,0.2118,8.279,724.8,20.13,883.6,1502.0,0.2587,0.0544,21.405,1.7892,962.34,113.2473,0,False,False,True,True,False,False,False,True,True,False,False
0.2584,8.402,855.1,21.67,1019.1,2665.0,0,0.1803,8.797,719.4,19.21,1025.1,2872.0,0.257,0.0541,21.217,1.6305,966.99,114.6612,1,False,False,True,False,False,True,False,True,False,True,False
0.2594,9.279,894.1,20.44,1108.6,3082.0,0,0.2584,8.402,855.1,21.67,1019.1,2665.0,0.2605,0.0528,21.259,1.6014,983.53,122.5092,0,False,False,True,False,False,False,True,True,False,True,False
0.2109,8.044,787.4,23.6,1023.6,1237.0,0,0.2594,9.279,894.1,20.44,1108.6,3082.0,0.2597,0.0536,21.725,1.528,981.08,121.3136,0,False,False,True,False,False,True,False,True,True,False,False
0.2486,9.404,752.4,22.32,861.0,1446.0,0,0.2109,8.044,787.4,23.6,1023.6,1237.0,0.2566,0.0532,21.891,1.4891,947.22,98.6892,1,False,False,True,True,False,False,False,True,False,True,False
0.23,9.153,873.2,19.46,1082.9,2315.0,0,0.2486,9.404,752.4,22.32,861.0,1446.0,0.2486,0.0502,21.509,1.5803,975.41,92.3388,1,False,False,True,False,False,True,False,True,False,True,False
0.1802,8.016,759.3,23.85,930.4,2972.0,1,0.23,9.153,873.2,19.46,1082.9,2315.0,0.2444,0.0542,21.586,1.681,969.23,93.1547,0,False,False,True,False,True,False,False,True,True,False,False
0.1813,8.127,887.3,20.5,1123.8,3782.0,0,0.1802,8.016,759.3,23.85,930.4,2972.0,0.2299,0.0491,21.356,1.6535,995.04,96.9605,0,False,False,True,False,False,True,False,True,True,False,False
0.3409,9.373,726.2,19.36,909.1,3953.0,0,0.1813,8.127,887.3,20.5,1123.8,3782.0,0.2302,0.0498,21.054,1.7202,996.72,95.1104,1,False,False,True,False,False,False,True,True,False,False,True
0.2092,9.102,716.4,19.91,975.8,4076.0,0,0.3409,9.373,726.2,19.36,909.1,3953.0,0.2299,0.0499,21.032,1.7346,1005.94,87.0539,0,False,False,True,False,True,False,False,True,True,False,False
0.2013,9.302,742.1,24.82,952.4,1137.0,0,0.2092,9.102,716.4,19.91,975.8,4076.0,0.232,0.048,21.593,1.971,998.67,88.3027,0,False,False,True,False,False,True,False,True,True,False,False
0.2072,8.257,703.4,18.35,929.5,1068.0,0,0.2013,9.302,742.1,24.82,952.4,1137.0,0.2269,0.0476,21.261,2.2204,989.71,90.5174,1,False,False,True,True,False,False,False,True,True,False,False
0.2478,9.447,774.6,18.87,939.3,3709.0,0,0.2072,8.257,703.4,18.35,929.5,1068.0,0.2257,0.0469,21.104,2.3373,972.78,81.1587,1,False,False,True,False,False,True,False,True,False,True,False
0.2858,8.578,870.2,23.47,1041.5,2004.0,1,0.2478,9.447,774.6,18.87,939.3,3709.0,0.2332,0.0501,21.091,2.3222,974.57,82.5889,0,False,False,True,False,True,False,False,True,False,False,True
0.297,9.102,757.0,23.77,1087.8,1710.0,0,0.2858,8.578,870.2,23.47,1041.5,2004.0,0.2381,0.0539,21.236,2.4493,997.25,78.9989,1,False,False,True,True,False,False,False,True,False,False,True
0.3175,8.664,739.3,20.37,861.6,1850.0,0,0.297,9.102,757.0,23.77,1087.8,1710.0,0.2468,0.0593,21.327,2.3922,975.12,83.2233,1,False,False,True,False,True,False,False,True,False,False,True
0.283,9.242,873.9,24.9,848.5,2795.0,0,0.3175,8.664,739.3,20.37,861.6,1850.0,0.2571,0.0553,21.432,2.5341,966.93,91.7103,1,False,False,True,False,False,False,True,True,False,False,True
0.3458,8.83,708.6,24.32,1123.4,1600.0,0,0.283,9.242,873.9,24.9,848.5,2795.0,0.2736,0.0547,21.814,2.6626,966.89,91.6344,1,False,False,True,False,False,False,True,True,False,False,True
0.1901,9.37,704.5,23.15,821.2,2044.0,1,0.3458,8.83,708.6,24.32,1123.4,1600.0,0.2585,0.0548,22.193,2.5415,958.1,101.4807,0,False,False,True,False,False,True,False,True,True,False,False
0.2972,8.163,795.4,19.58,806.2,1800.0,0,0.1901,9.37,704.5,23.15,821.2,2044.0,0.2673,0.0531,22.16,2.5763,941.14,111.8376,1,False,False,True,True,False,False,False,True,False,False,True
0.2464,8.414,734.7,24.4,1187.0,1687.0,0,0.2972,8.163,795.4,19.58,806.2,1800.0,0.2718,0.0486,22.118,2.5312,964.6,136.3759,0,False,False,True,True,False,False,False,True,False,True,False
0.1836,8.313,891.9,23.44,843.1,1311.0,0,0.2464,8.414,734.7,24.4,1187.0,1687.0,0.2694,0.0525,22.627,2.1762,955.96,141.4878,0,False,False,True,False,False,False,True,True,True,False,False
0.2765,8.154,844.7,24.46,874.7,4276.0,0,0.1836,8.313,891.9,23.44,843.1,1311.0,0.2723,0.0519,23.186,1.787,949.5,143.789,0,False,False,True,False,True,False,False,True,False,True,False
0.3241,8.163,874.1,23.28,1141.3,1693.0,0,0.2765,8.154,844.7,24.46,874.7,4276.0,0.2761,0.0544,23.167,1.7847,959.48,153.9858,1,False,False,True,False,False,False,True,True,False,False,True
0.2793,8.655,862.0,22.34,1197.1,4857.0,0,0.3241,8.163,874.1,23.28,1141.3,1693.0,0.2744,0.0539,23.024,1.7883,970.41,167.4008,0,False,False,True,False,False,False,True,True,False,True,False
0.2632,8.788,776.5,18.02,1052.6,2893.0,0,0.2793,8.655,862.0,22.34,1197.1,4857.0,0.2689,0.0518,22.789,2.2663,989.51,164.4772,1,False,False,True,False,True,False,False,True,False,True,False
0.3304,9.371,855.6,22.66,1185.7,1374.0,0,0.2632,8.788,776.5,18.02,1052.6,2893.0,0.2737,0.0553,22.565,2.1418,1023.23,166.9036,1,False,False,True,False,True,False,False,True,False,False,True
0.2775,8.938,820.5,23.13,904.0,2803.0,1,0.3304,9.371,855.6,22.66,1185.7,1374.0,0.2668,0.0493,22.446,2.0651,1001.29,166.6931,1,False,False,True,False,False,True,False,True,False,True,False
0.2447,8.958,848.5,23.65,915.6,681.0,0,0.2775,8.938,820.5,23.13,904.0,2803.0,0.2723,0.0424,22.496,2.0899,1010.73,157.7968,0,False,False,True,False,False,False,True,True,False,True,False
0.2869,8.474,817.2,20.02,1193.0,4152.0,0,0.2447,8.958,848.5,23.65,915.6,681.0,0.2713,0.0418,22.54,2.0254,1049.41,149.2674,1,False,False,True,False,False,True,False,True,False,False,True
0.2717,8.072,765.2,21.93,882.0,2168.0,0,0.2869,8.474,817.2,20.02,1193.0,4152.0,0.2738,0.0409,22.293,1.9213,1018.91,149.1902,1,False,False,True,False,False,False,True,True,False,True,False
0.313,9.3,837.9,22.11,1174.6,3122.0,0,0.2717,8.072,765.2,21.93,882.0,2168.0,0.2867,0.0275,22.16,1.8786,1052.06,142.4627,0,False,False,True,True,False,False,False,True,False,False,True
0.3211,9.244,826.0,18.75,1039.3,1063.0,0,0.313,9.3,837.9,22.11,1174.6,3122.0,0.2912,0.0292,21.589,1.9675,1068.52,128.5204,1,False,False,True,False,False,True,False,True,False,False,True
0.2217,9.25,875.5,18.58,1093.4,4928.0,0,0.3211,9.244,826.0,18.75,1039.3,1063.0,0.281,0.0339,21.119,2.077,1063.73,126.3813,0,False,False,True,False,False,False,True,True,False,True,False
0.2096,8.308,715.1,19.58,836.6,1372.0,0,0.2217,9.25,875.5,18.58,1093.4,4928.0,0.274,0.0408,20.843,2.0801,1027.68,135.2177,0,False,False,True,False,True,False,False,True,True,False,False
0.0,9.285,860.5,21.42,1192.3,1435.0,0,0.2096,8.308,715.1,19.58,836.6,1372.0,0.2752,0.0431,21.183,1.8303,1041.65,144.9451,0,False,False,True,True,False,False,False,True,False,False,True
0.3434,8.064,733.6,23.86,1104.2,1060.0,0,0.0,9.285,860.5,21.42,1192.3,1435.0,0.2766,0.0453,21.303,1.9717,1033.5,138.0739,1,False,False,True,False,True,False,False,True,False,False,True
0.3029,8.565,708.1,21.33,1020.6,2344.0,0,0.3434,8.064,733.6,23.86,1104.2,1060.0,0.2794,0.0461,21.123,1.8657,1045.16,130.6463,0,False,False,True,False,False,False,True,True,False,False,True
0.3008,8.032,741.4,20.05,1007.3,4783.0,0,0.3029,8.565,708.1,21.33,1020.6,2344.0,0.2857,0.0446,20.763,1.6599,1054.33,123.5686,1,False,False,True,False,True,False,False,True,False,False,True
0.2275,8.967,752.9,20.19,976.9,3668.0,0,0.3008,8.032,741.4,20.05,1007.3,4783.0,0.2791,0.0486,20.78,1.6523,1032.72,115.2384,1,False,False,True,False,False,True,False,True,False,True,False
0.3478,8.43,747.5,19.35,826.8,841.0,0,0.2275,8.967,752.9,20.19,976.9,3668.0,0.2875,0.0536,20.522,1.6542,1027.2,124.2313,0,False,False,True,True,False,False,False,True,False,False,True
0.323,8.131,825.0,23.42,970.3,519.0,0,0.3478,8.43,747.5,19.35,826.8,841.0,0.2886,0.0543,20.653,1.8359,1006.77,113.6456,0,False,False,True,True,False,False,False,True,False,False,True
0.2018,9.448,877.6,18.02,1170.7,4629.0,0,0.323,8.131,825.0,23.42,970.3,519.0,0.2754,0.0596,20.58,1.9319,1019.91,124.8671,0,False,False,True,False,False,True,False,True,True,False,False
0.2457,8.167,813.2,22.92,801.5,2926.0,0,0.2018,9.448,877.6,18.02,1170.7,4629.0,0.2781,0.0574,21.014,1.9202,990.72,139.0874,0,False,False,True,False,True,False,False,True,False,True,False
0.3049,8.583,848.7,18.3,1081.7,2784.0,0,0.2457,8.167,813.2,22.92,801.5,2926.0,0.2886,0.0517,20.886,2.0637,1015.23,130.224,1,False,False,True,False,False,True,False,True,False,False,True
0.2784,9.156,718.2,24.22,1135.8,2212.0,0,0.3049,8.583,848.7,18.3,1081.7,2784.0,0.2876,0.0489,21.166,2.3184,1009.58,122.696,0,False,False,True,False,True,False,False,True,False,True,False
