record_id,production_date,timestamp,production_line,product_code,operator_id,attenuation_db_km,core_diameter_um,tensile_strength_mpa,temperature_c,draw_speed_m_min,throughput_m,defect_flag,_injected_issue
60a3e871-fe1a-4247-82d4-386789cf38b8,2026-06-06,2026-06-06T11:08:45,LINE-A,SMF-28,OP-101,0.2458,8.223,735.7,18.59,978.8,2668.0,0,
d7fd081a-091f-4d89-956b-15d8ff063d47,2026-06-06,2026-06-06T11:58:09,LINE-B,SMF-28,OP-103,0.262,7.151,756.7,24.89,848.2,2984.0,0,out_of_range_low
6d98fe8a-7a92-4703-8b89-1d6efa6c264b,2026-06-06,2026-06-06T06:58:54,LINE-B,SMF-28,OP-103,0.2839,8.57,879.6,18.59,821.3,4343.0,0,
ab74c149-3261-46fb-b55d-57cb1c64f564,2026-06-06,2026-06-06T11:52:27,LINE-C,SMF-28,OP-101,0.3409,9.373,726.2,19.36,909.1,3953.0,0,
553eebef-0a06-4842-8bc5-3a0f1f22c388,2026-06-06,2026-06-06T07:06:30,LINE-A,OM3-50,OP-104,0.2235,9.394,886.0,24.84,975.9,3700.0,0,
2922a537-1f1f-458e-b3c2-ab2d05ba09c1,2026-06-06,2026-06-06T10:41:12,LINE-C,OM3-50,OP-102,0.2987,8.589,898.5,19.05,1009.7,1373.0,0,
0c6c2067-81df-48ec-a5a7-6708b4855738,2026-06-06,2026-06-06T09:58:27,LINE-A,OM3-50,,0.2923,9.163,754.2,23.29,1085.3,1122.0,0,missing_operator
a0eaa306-f8fa-4b0a-a022-3fdb004f7b92,2026-06-06,2026-06-06T09:43:15,LINE-C,OM4-50,OP-104,0.249,8.703,853.5,21.61,815.3,3960.0,0,
b40a451e-c00c-4e88-8e76-2a5b9a0a12d3,2026-06-06,2026-06-06T13:04:39,LINE-A,DSF-1550,OP-104,,9.326,757.0,20.07,1111.6,2767.0,0,null_sensor
d4b58e72-c746-4e36-99c5-d91ff23731b0,2026-06-06,2026-06-06T06:05:42,LINE-C,SMF-28,OP-104,0.2439,9.463,856.0,24.61,840.7,3065.0,0,
553eebef-0a06-4842-8bc5-3a0f1f22c388,2026-06-06,2026-06-06T07:06:30,LINE-A,OM3-50,OP-104,0.2235,9.394,886.0,24.84,975.9,3700.0,0,
a1fb9b21-eb78-4146-9912-ac0ec757efef,2026-06-06,2026-06-06T09:07:09,LINE-A,SMF-28,OP-103,0.1815,8.802,804.8,18.35,1024.8,3605.0,0,
ec66774e-05f9-4e6b-8e83-6b9f8144885c,2026-06-06,2026-06-06T07:17:54,LINE-B,OM3-50,OP-102,0.211,9.328,803.4,23.18,1005.2,4330.0,0,
150c3141-22cc-4f0e-93fc-5b3056e5272c,2026-06-06,2026-06-06T11:13:30,LINE-B,DSF-1550,OP-101,0.3487,8.115,800.6,20.89,1057.8,1640.0,0,
27d7318c-7c25-4862-9776-98c4ff7dc406,2026-06-06,2026-06-06T08:53:51,LINE-C,,OP-104,0.3059,9.027,795.2,22.21,1142.8,1207.0,0,null_product
833501e9-b816-4989-8dc2-f1b5be2c4e3b,2026-06-06,2026-06-06T07:47:21,LINE-B,OM4-50,OP-103,0.2721,5.059,738.0,24.98,918.9,4266.0,0,out_of_range_low
32a1ccc2-c52e-4967-8e59-6848860806d5,2026-06-06,2026-06-06T06:00:00,LINE-A,SMF-28,OP-103,0.2902,9.119,778.8,22.13,914.3,1462.0,0,
7ff103a2-c4ab-4dcc-a638-d7f79b500a77,2026-06-06,2026-06-06T08:03:30,LINE-C,SMF-28,OP-103,0.272,8.891,889.5,19.06,1056.2,3009.0,0,
f50d87d2-a5e1-4e3a-bf66-dc00479d8d47,2026-06-06,2026-06-06T11:42:00,LINE-C,DSF-1550,OP-102,0.3164,6.86,796.3,24.15,1180.3,1026.0,0,out_of_range_low
0b77cb0e-ca6b-4e6c-a745-fe2c9c2403ba,2026-06-06,2026-06-06T10:31:42,LINE-B,DSF-1550,OP-101,0.18,9.115,810.1,24.72,1138.5,4282.0,0,
5c4d72e3-40d0-4efd-8520-38f3179d8f35,2026-06-06,2026-06-06T11:01:09,LINE-B,SMF-28,OP-102,0.2594,8.017,831.4,19.7,949.4,4703.0,0,
0f07ec41-1c36-438b-ba27-c70e81a865b4,2026-06-06,2026-06-06T07:16:57,LINE-B,OM3-50,OP-104,0.2658,8.166,813.3,20.71,1103.3,2409.0,0,
d4e8261a-d9e0-46d2-a805-5e9ec676aa84,2026-06-06,2026-06-06T08:24:24,LINE-B,SMF-28,OP-104,0.2156,8.354,743.9,20.51,840.9,2613.0,0,
51f153f8-589a-4fee-8413-5f711a026312,2026-06-06,2026-06-06T08:04:27,LINE-B,SMF-28,OP-103,0.3054,8.396,718.0,22.83,1028.7,1574.0,0,
d6ec5d9e-2ae6-4155-b4b3-4b6c3ed3bc83,2026-06-06,2026-06-06T07:58:45,LINE-C,SMF-28,OP-104,0.2486,9.102,752.9,21.82,819.4,1223.0,0,
e3ab4cc6-09e0-45ea-bd3b-b5078c99e278,2026-06-06,2026-06-06T10:54:30,LINE-A,SMF-28,OP-103,0.282,9.343,758.8,20.32,1166.2,1822.0,0,
032638a2-4deb-498d-a89b-057f5f992628,2026-06-06,2026-06-06T06:26:36,LINE-B,SMF-28,OP-103,0.2511,9.208,841.2,18.71,1053.3,3268.0,0,
bd4d44c9-eda9-41c8-8544-9c99818171c7,2026-06-06,2026-06-06T09:10:00,LINE-B,OM3-50,OP-102,0.2821,9.449,857.9,21.7,1058.5,4653.0,0,
56767347-4dd6-4016-a165-3c0bd1c95a1c,2026-06-06,2026-06-06T13:02:45,LINE-C,OM3-50,OP-104,0.3304,9.371,855.6,22.66,1185.7,1374.0,0,
f71f09eb-1c87-4ad0-968b-64bd0fa9a6b3,2026-06-06,2026-06-06T10:51:39,LINE-A,OM4-50,OP-101,0.3482,9.363,788.0,22.78,1161.7,2246.0,0,
14a20e9b-bd8d-486b-93c2-c3f776b3f7d5,2026-06-06,2026-06-06T08:05:24,LINE-C,OM4-50,OP-101,0.1844,9.175,830.0,21.15,968.2,3633.0,0,
0eadce60-073e-44d4-96ed-90e8725f3809,2026-06-06,2026-06-06T07:48:18,LINE-B,DSF-1550,OP-101,0.2943,8.005,847.9,18.3,858.2,2112.0,0,
f040678e-501c-4b67-859e-75ba417ebd21,2026-06-06,2026-06-06T11:43:54,LINE-A,DSF-1550,OP-103,,9.171,737.2,22.22,1098.8,1488.0,0,null_sensor
855135ca-b682-4ea9-b0be-1ef83374f10e,2026-06-06,2026-06-06T07:23:36,LINE-C,DSF-1550,OP-103,0.1834,8.294,722.8,20.35,1195.0,1794.0,0,
5b86d5ff-690b-492a-8642-c80f8939dd70,2026-06-06,2026-06-06T09:37:33,LINE-A,DSF-1550,OP-103,0.3205,9.3,705.1,19.98,908.6,3677.0,0,
f9109e26-0ead-4a50-ab0f-34d1e8277321,2026-06-06,2026-06-06T08:47:12,LINE-A,DSF-1550,OP-102,0.202,8.048,863.9,22.84,1195.5,412.0,0,
1610f64c-762c-41c7-850c-9cb18a26b787,2026-06-06,2026-06-06T11:11:36,LINE-A,OM3-50,OP-102,0.3033,8.238,887.8,19.86,868.2,1674.0,0,
3051260c-f639-468d-9c42-4f543f50557f,2026-06-06,2026-06-06T13:51:12,LINE-B,OM3-50,OP-104,0.2006,9.269,701.9,20.16,1003.3,1127.0,0,
fb9e4b4b-340c-4764-b759-9808e16156cc,2026-06-06,2026-06-06T10:17:27,LINE-B,SMF-28,OP-104,0.2568,8.108,888.4,24.14,855.5,4355.0,0,
fc5f2c58-9171-45e2-b16d-b9636c765c05,2026-06-06,2026-06-06T12:50:24,LINE-A,SMF-28,OP-102,0.1822,8.205,725.1,22.29,975.3,2556.0,0,
466bef15-bb39-46c1-a79d-2e10a8696ebf,2026-06-06,2026-06-06T13:13:12,LINE-A,SMF-28,OP-102,0.215,9.419,897.4,22.79,1037.7,1053.0,0,
7fb29e44-035d-43b5-be6d-aa34126b2ce8,2026-06-06,2026-06-06T07:15:03,LINE-A,DSF-1550,OP-103,0.1858,8.231,879.7,23.62,965.0,3184.0,0,
73a4423c-da1e-4d6a-849e-543202faad24,2026-06-06,2026-06-06T11:57:12,LINE-B,SMF-28,OP-101,0.227,8.556,836.8,20.56,999.5,3186.0,0,
879e7bc8-1419-4a1d-9751-b0199bf3a8d3,2026-06-06,2026-06-06T08:01:36,LINE-B,DSF-1550,OP-104,0.2985,8.528,781.5,20.92,988.8,2702.0,0,
f572b229-bd35-4a49-aae8-f26faf8c344d,2026-06-06,2026-06-06T12:05:45,LINE-A,SMF-28,OP-101,0.185,8.323,711.6,20.8,1005.3,3158.0,0,
52cd2980-afb9-4024-9b06-ec56b5e172e2,2026-06-06,2026-06-06T11:48:39,LINE-C,OM4-50,OP-103,0.1813,8.127,887.3,20.5,1123.8,3782.0,0,
e8abe475-faf3-4ac6-882e-b2ddba38decc,2026-06-06,2026-06-06T12:39:57,LINE-B,DSF-1550,OP-104,0.3008,8.723,851.2,19.41,820.7,568.0,0,
b32409a0-b80f-4b2b-8156-93801876311b,2026-06-06,2026-06-06T10:33:36,LINE-A,SMF-28,OP-102,0.3012,8.555,759.3,23.67,1133.0,4967.0,0,
ecef63b5-a431-44f1-8f9f-7ca15186d2b0,2026-06-06,2026-06-06T11:50:33,LINE-A,DSF-1550,OP-101,0.3177,8.176,784.1,19.28,965.3,-268.0,0,negative_throughput
292d81c8-20aa-4178-bcbe-a2d00fddb7bf,2026-06-06,2026-06-06T07:35:00,LINE-A,DSF-1550,OP-103,0.3126,8.662,831.1,24.05,905.6,2079.0,0,
b5e29c10-a977-462b-9309-33eb37234c76,2026-06-06,2026-06-06T06:50:21,LINE-C,DSF-1550,OP-102,0.2115,8.335,713.7,19.73,860.7,1407.0,0,
231ffc78-4036-4640-a6fb-00e8d234307d,2026-06-06,2026-06-06T08:20:36,LINE-A,SMF-28,OP-103,0.2975,9.483,708.1,18.22,1084.9,2886.0,0,
1b71800f-ae5e-4c28-8f3b-71585f370c5c,2026-06-06,2026-06-06T10:42:09,LINE-A,SMF-28,OP-103,0.2339,8.042,742.4,20.46,1067.3,3561.0,0,
94002040-6fd4-4238-ab65-f18ee1586cfd,2026-06-06,2026-06-06T10:29:48,LINE-C,DSF-1550,OP-102,0.2492,8.574,738.4,20.19,1174.5,1506.0,0,
5c2e8031-cc8e-4a53-bd5a-426269f2ce0c,2026-06-06,2026-06-06T06:29:27,LINE-B,OM3-50,OP-102,0.3443,5.318,770.8,18.27,1128.4,4840.0,0,out_of_range_low
d7b8dbc1-e572-4a04-93b6-f165e13de4de,2026-06-06,2026-06-06T08:18:42,LINE-C,OM3-50,OP-102,0.2201,8.409,815.8,19.81,1192.7,3764.0,0,
c81aeba7-0618-40bb-b00c-be7c6c8198ce,2026-06-06,2026-06-06T13:49:18,LINE-B,SMF-28,OP-102,0.3415,8.09,835.9,20.87,802.3,1446.0,0,
30ad304c-0df2-4e2b-a843-d99ece77b2a9,2026-06-06,2026-06-06T10:44:03,LINE-A,OM4-50,OP-103,0.3404,8.49,873.3,20.76,957.8,3067.0,0,
3bd717e1-287e-412c-9ffa-1a78955243da,2026-06-06,2026-06-06T10:38:21,LINE-B,OM3-50,OP-104,0.3155,8.569,886.2,23.11,815.3,2751.0,0,
75d6e189-42b9-45bf-a8e9-cccfe853603c,2026-06-06,2026-06-06T12:16:12,LINE-C,OM3-50,OP-101,0.2858,8.578,870.2,23.47,1041.5,2004.0,1,
90cf1c1b-1029-4ed3-99f1-677cf24b8d5d,2026-06-06,2026-06-06T07:42:36,LINE-A,OM3-50,OP-102,0.2376,9.211,753.6,20.72,1075.3,586.0,0,
d906bb64-bd15-4502-9829-03320ee68d13,2026-06-06,2026-06-06T13:17:00,LINE-A,OM3-50,OP-101,0.1913,9.023,853.3,23.27,976.6,4171.0,0,
15dab84b-5049-457c-abee-b82b22e5a757,2026-06-06,2026-06-06T10:08:54,LINE-C,DSF-1550,OP-102,0.2875,8.789,840.0,18.04,927.7,1778.0,0,
72423a43-8347-40c5-b84f-65dc73b5806b,2026-06-06,2026-06-06T10:18:24,LINE-C,SMF-28,OP-103,0.2449,9.33,807.7,22.44,932.8,4129.0,0,
7c75bdaa-98fe-4c68-918e-17949a613def,2026-06-06,2026-06-06T10:04:09,LINE-C,DSF-1550,OP-101,,8.46,776.6,18.58,913.1,2050.0,0,null_sensor
b5f51bce-8036-4145-b10a-0de774377b09,2026-06-06,2026-06-06T12:12:24,LINE-B,OM4-50,OP-104,0.2914,8.309,784.3,24.39,812.5,3832.0,0,
c00fafab-b662-4ced-b76c-ece32c8fa92f,2026-06-06,2026-06-06T08:34:51,LINE-C,OM3-50,OP-104,0.2733,8.235,870.5,18.05,828.8,1020.0,0,
f6e834f7-a61d-4874-aacc-c5e8aeb97bdb,2026-06-06,2026-06-06T06:46:33,LINE-A,DSF-1550,OP-103,0.1934,8.265,754.1,18.64,813.5,2626.0,0,
ddf27522-f70f-4877-924f-c29f171e596f,2026-06-06,2026-06-06T07:39:45,LINE-A,OM4-50,OP-103,0.2403,8.936,797.1,18.53,1164.9,1656.0,0,
d4dbe8de-a46c-4f72-85db-2878c8f886ef,2026-06-06,2026-06-06T09:52:45,LINE-A,DSF-1550,OP-101,0.2878,8.341,869.1,19.16,851.2,824.0,1,
1072b96a-4def-403d-a48c-55ac0546ee19,2026-06-06,2026-06-06T06:31:21,LINE-B,OM4-50,OP-103,0.2953,8.283,884.9,19.16,830.9,1373.0,0,
07ef7440-dbd1-43fb-9219-e9fd2bc4d40f,2026-06-06,2026-06-06T09:59:24,LINE-A,DSF-1550,OP-102,0.2998,9.489,767.9,21.29,1053.4,778.0,0,
16be4b80-ab0d-4689-9968-c9fa4ca6bc43,2026-06-06,2026-06-06T09:34:42,LINE-C,DSF-1550,OP-104,0.1947,8.703,862.0,19.94,1035.1,985.0,0,
27782954-3c88-40e6-969b-85856d4af220,2026-06-06,2026-06-06T06:41:48,LINE-A,SMF-28,OP-103,0.2246,8.837,899.2,22.86,1110.3,2109.0,0,
99135314-8f64-480c-997e-a1f05b71e332,2026-06-06,2026-06-06T12:01:00,LINE-B,OM3-50,OP-102,0.1844,9.039,723.4,18.28,838.0,3829.0,0,
1b82b7ea-4011-4c4b-a090-8a304fc10257,2026-06-06,2026-06-06T08:13:57,LINE-C,SMF-28,OP-103,0.211,8.261,723.6,22.85,964.6,2231.0,0,
a5cdf249-d82a-4c6f-9aee-10e0072803e8,2026-06-06,2026-06-06T12:45:39,LINE-A,OM4-50,OP-103,0.2297,8.888,898.6,24.16,983.0,2121.0,0,
741bfbb4-ae2f-4eb3-b571-99ddd16b9d3d,2026-06-06,2026-06-06T07:45:27,LINE-A,OM4-50,OP-103,0.1949,5.624,761.4,20.32,891.8,3939.0,0,out_of_range_low
75092abd-234a-4461-912c-9703bc29335e,2026-06-06,2026-06-06T08:28:12,LINE-A,SMF-28,OP-102,0.3392,9.157,779.6,20.07,858.3,3621.0,0,
0d64390f-9f2f-4242-950a-83870201c271,2026-06-06,2026-06-06T12:04:48,LINE-A,DSF-1550,,0.1953,9.437,782.1,22.91,1140.5,3579.0,0,missing_operator
b236a054-7fa9-491f-84f1-e1efe64f5cda,2026-06-06,2026-06-06T13:53:06,LINE-C,OM3-50,OP-102,0.2784,9.156,718.2,24.22,1135.8,2212.0,0,
0f62d3b3-d89f-4dcd-89cc-b2ca221b0816,2026-06-06,2026-06-06T08:41:30,LINE-C,SMF-28,OP-102,0.302,9.4,856.5,22.23,850.5,4347.0,0,
cbca27c3-fc52-449e-a48b-c954239d8eed,2026-06-06,2026-06-06T07:49:15,LINE-B,DSF-1550,OP-102,0.1995,8.469,769.0,19.01,946.9,2466.0,0,
85bdc9f1-222a-4c95-81d1-e1633c826201,2026-06-06,2026-06-06T13:50:15,LINE-A,,OP-104,0.281,8.368,866.0,23.18,979.6,4721.0,0,null_product
522e9ba1-3795-4c20-a4c4-ee611db9cabb,2026-06-06,2026-06-06T08:37:42,LINE-B,DSF-1550,OP-102,0.2826,9.317,799.9,18.96,1020.8,1814.0,0,
df6fd7a0-6af9-49be-9cdd-54289f895960,2026-06-06,2026-06-06T06:19:57,LINE-A,OM3-50,OP-103,0.2358,8.493,792.1,19.21,810.5,4044.0,0,
8ce0f059-68ab-4bba-b9d3-c9b5310e6db4,2026-06-06,2026-06-06T08:09:12,LINE-A,OM4-50,OP-103,0.2573,8.215,816.0,24.43,1064.5,1931.0,1,
0214bf59-e907-456d-b1e0-2eb6fc46af35,2026-06-06,2026-06-06T13:40:45,LINE-C,SMF-28,OP-102,0.3029,8.565,708.1,21.33,1020.6,2344.0,0,
b6f96201-7cbb-4929-ab49-b7b5ede3ff2f,2026-06-06,2026-06-06T10:16:30,LINE-A,OM4-50,OP-104,0.2111,8.487,773.0,20.48,889.3,3960.0,0,
5c6b7a13-4b10-4fe9-a960-ec253776045b,2026-06-06,2026-06-06T11:33:27,LINE-C,DSF-1550,OP-104,0.2486,9.404,752.4,22.32,861.0,1446.0,0,
541f3997-00b6-40be-ab68-06e12fd17358,2026-06-06,2026-06-06T06:43:42,LINE-B,SMF-28,OP-101,0.2356,8.458,858.1,21.5,1193.7,1361.0,0,
703fe2c2-e6c4-4111-9a33-a67555683aee,2026-06-06,2026-06-06T11:09:42,LINE-A,OM3-50,OP-101,0.1864,8.754,771.1,22.89,930.6,1778.0,0,
2d65eea7-dadf-46bb-9b0d-e6d1d65d35e5,2026-06-06,2026-06-06T06:27:33,LINE-C,SMF-28,OP-101,0.2186,8.835,702.4,23.58,1193.3,4607.0,0,
af2545c6-bf67-4f83-8080-460338ec284c,2026-06-06,2026-06-06T07:55:54,LINE-B,,OP-103,0.2257,8.66,701.7,19.82,1006.7,3608.0,0,null_product
ff424710-c3a6-4a15-b295-48a353c897a3,2026-06-06,2026-06-06T06:30:24,LINE-A,OM4-50,OP-104,0.3276,9.277,733.3,24.19,1007.8,974.0,0,
b29c66f6-63ff-46df-9308-1ab4027ee9ae,2026-06-06,2026-06-06T12:57:03,LINE-B,OM4-50,OP-103,0.2132,9.341,808.9,18.17,903.4,4033.0,0,
59a6012d-345e-4763-a769-be55c6294eff,2026-06-06,2026-06-06T11:23:00,LINE-C,DSF-1550,OP-102,0.1803,8.797,719.4,19.21,1025.1,2872.0,0,
9c6de490-f6cf-41f5-a31a-f5b121a79411,2026-06-06,2026-06-06T08:55:45,LINE-A,SMF-28,OP-103,0.1853,4.109,866.5,22.83,1159.8,3286.0,0,out_of_range_low
d0c1d278-7aaf-4841-9498-3ab4571a65f8,2026-06-06,2026-06-06T12:08:36,LINE-A,OM4-50,OP-104,0.3455,9.489,832.1,23.5,935.0,380.0,0,
8960f4fa-e7d9-4d2e-bef1-22b2184a0471,2026-06-06,2026-06-06T08:27:15,LINE-C,OM4-50,OP-103,0.3301,9.065,839.0,19.09,1129.6,3798.0,0,
6ce96872-3e42-45c7-94e6-ad5567598dfc,2026-06-06,2026-06-06T06:22:48,LINE-A,OM4-50,OP-104,0.1977,8.692,892.4,22.52,862.9,1749.0,0,
d4be73a0-31d3-4903-833c-09928659466a,2026-06-06,2026-06-06T12:11:27,LINE-A,SMF-28,OP-102,0.3284,9.185,840.8,22.1,1199.6,1732.0,0,
e92cb17d-8137-473b-8dea-df43b215300d,2026-06-06,2026-06-06T08:43:24,LINE-B,SMF-28,OP-102,0.2282,8.977,885.9,20.63,1175.4,942.0,0,
b8645b98-f909-45d8-8d22-b51fa146f72b,2026-06-06,2026-06-06T12:58:00,LINE-C,SMF-28,OP-104,0.2793,8.655,862.0,22.34,1197.1,4857.0,0,
284de43f-ced2-4d8e-93b7-1b2aab46a10c,2026-06-06,2026-06-06T12:20:57,LINE-C,DSF-1550,OP-104,0.297,9.102,757.0,23.77,1087.8,1710.0,0,
8a3665f3-1f50-4e50-9690-9be3db24fd7b,2026-06-06,2026-06-06T06:53:12,LINE-B,DSF-1550,OP-103,0.3458,9.345,805.4,24.36,938.6,2082.0,0,
72a3db37-d76b-49b3-b5e5-cbe3eeacbeec,2026-06-06,2026-06-06T13:27:27,LINE-C,DSF-1550,OP-102,0.2493,8.283,767.6,19.07,870.9,-7.0,0,negative_throughput
3342853e-183e-4d29-b588-d15e03b7e7e0,2026-06-06,2026-06-06T11:03:03,LINE-B,OM3-50,OP-104,0.3145,9.269,888.6,23.5,1038.7,3630.0,1,
7627ffb2-aaf3-447c-a9aa-a88dc86b9e2d,2026-06-06,2026-06-06T10:58:18,LINE-A,OM3-50,OP-101,0.2907,8.782,866.4,24.53,969.1,2624.0,0,
0df67e6d-266e-46f7-9135-2087787960ad,2026-06-06,2026-06-06T10:28:51,LINE-B,OM3-50,OP-104,0.2423,8.19,709.6,23.54,1052.2,4612.0,0,
e66e10d6-1ab1-4412-86f9-397c2be5931c,2026-06-06,2026-06-06T09:50:51,LINE-B,SMF-28,OP-103,0.1958,8.4,844.9,19.62,1012.0,1841.0,0,
6563ecb6-afe4-4655-952b-b6a87e8bd8da,2026-06-06,2026-06-06T08:26:18,LINE-C,OM3-50,OP-102,0.2926,8.736,850.8,23.71,970.2,894.0,0,
12930e01-d270-49d5-b323-0017b3173dbb,2026-06-06,2026-06-06T06:14:15,LINE-A,OM3-50,OP-103,0.1995,,701.9,20.84,930.6,3420.0,0,null_sensor
9b2f1ba9-c046-4bb7-bb81-ea7eff9195e4,2026-06-06,2026-06-06T11:34:24,LINE-B,SMF-28,OP-101,0.2771,9.354,726.3,22.1,897.0,3068.0,0,
37a9369a-4de7-4615-a0ac-3203eb14fa66,2026-06-06,2026-06-06T07:57:48,LINE-A,DSF-1550,OP-103,0.2156,9.155,704.8,21.36,969.8,4106.0,0,
ff6aac0a-9c2b-4cd3-a426-8fc0fde6e956,2026-06-06,2026-06-06T09:48:00,LINE-B,OM4-50,OP-104,0.1971,8.354,709.5,22.36,968.8,1973.0,0,
c42d5ca9-407b-4f1c-ae2e-e925a46761c9,2026-06-06,2026-06-06T07:10:18,LINE-B,DSF-1550,OP-104,0.3183,8.667,878.1,22.6,1171.1,2706.0,0,
dc4f2c53-dc38-49ef-a249-9845dd941f91,2026-06-06,2026-06-06T07:59:42,LINE-C,OM4-50,OP-103,0.2407,9.284,865.8,18.34,816.9,1907.0,0,
544f8b12-3180-4d98-9a0d-e00f6b425e13,2026-06-06,2026-06-06T11:40:06,LINE-B,OM4-50,OP-103,0.3415,9.178,833.7,20.11,1042.5,3881.0,0,
764fbd57-ae41-41e1-b87b-16aaac69b890,2026-06-06,2026-06-06T10:40:15,LINE-C,OM4-50,OP-104,0.2092,8.989,757.2,18.93,1005.8,1507.0,0,
c7acca2e-54a1-4437-892f-299dab02110f,2026-06-06,2026-06-06T06:37:03,LINE-A,SMF-28,OP-101,0.1895,9.456,814.2,21.24,1095.5,3651.0,0,
e4489434-5d80-4c09-a1a2-668e799348b3,2026-06-06,2026-06-06T07:32:09,LINE-C,OM4-50,OP-102,0.33,8.996,789.6,23.54,889.7,4086.0,0,
624e5b1a-b213-4774-b0a1-3036a65cda29,2026-06-06,2026-06-06T10:12:42,LINE-A,DSF-1550,OP-104,0.2816,8.403,796.8,19.04,1059.3,-451.0,0,negative_throughput
75700474-2315-41ca-86c6-5142cf82a255,2026-06-06,2026-06-06T12:44:42,LINE-A,OM3-50,OP-104,0.2843,8.486,880.2,24.56,1142.0,1195.0,1,
b8abb779-dfb9-41a2-896d-fa583ea9151c,2026-06-06,2026-06-06T13:01:48,LINE-A,OM3-50,OP-103,0.263,9.43,757.0,23.71,847.3,2793.0,0,
b1b05855-8112-43f1-95ce-71cf69cf3ba1,2026-06-06,2026-06-06T10:45:00,LINE-B,DSF-1550,OP-104,0.2054,8.462,887.5,21.02,1050.4,-56.0,0,negative_throughput
1891ddc0-c869-49f5-98cc-dbad6f0cb201,2026-06-06,2026-06-06T08:44:21,LINE-A,DSF-1550,OP-104,0.2492,8.546,810.0,24.27,1038.6,4025.0,0,
efa491f5-a1ad-4eeb-9d47-5e984e4a2b4a,2026-06-06,2026-06-06T07:54:57,LINE-A,DSF-1550,OP-103,0.2692,8.764,708.1,18.75,998.2,4033.0,0,
25c831cc-a5e3-481a-99cd-f8f91ef9d56c,2026-06-06,2026-06-06T06:57:00,LINE-A,DSF-1550,OP-102,0.2746,8.071,772.2,24.73,1009.1,4471.0,0,
19ab9134-30ca-4b87-ad7e-8d2dda700207,2026-06-06,2026-06-06T06:38:57,LINE-B,OM3-50,OP-102,0.1815,8.773,775.1,18.51,994.4,3519.0,1,
18ee334f-7a7c-49d5-ab89-015bf68f32af,2026-06-06,2026-06-06T06:24:42,LINE-B,OM4-50,OP-104,0.1892,9.056,783.6,19.53,820.6,608.0,0,
9eaef383-449f-4b62-a958-37b3f8d575c1,2026-06-06,2026-06-06T10:07:00,LINE-A,OM4-50,OP-104,0.2094,8.573,741.3,18.73,1133.3,4365.0,1,
ff394a20-2de4-4419-8436-aadf9056ea96,2026-06-06,2026-06-06T09:55:36,LINE-B,OM4-50,OP-103,0.2601,8.589,779.5,19.15,803.5,2851.0,0,
92fc738d-8f88-4efa-8e03-ba8022c84509,2026-06-06,2026-06-06T08:38:39,LINE-C,SMF-28,OP-104,0.2088,8.519,710.0,24.01,1095.9,1394.0,0,
e5fc342a-a5c8-4fe2-a32e-bcc6aef57fdb,2026-06-06,2026-06-06T12:06:42,LINE-C,OM4-50,OP-104,0.2013,9.302,742.1,24.82,952.4,1137.0,0,
7b95e3e7-614a-49d1-83b5-e29057b8fca4,2026-06-06,2026-06-06T08:06:21,LINE-C,DSF-1550,OP-104,0.2613,9.015,759.1,22.81,1095.9,3345.0,0,
9feeb133-663c-4362-9e74-65893175d686,2026-06-06,2026-06-06T07:25:30,LINE-B,DSF-1550,OP-103,0.2648,8.143,717.8,19.28,919.0,3559.0,0,
9bec51ff-bfdf-453f-8cce-3dee01ca0606,2026-06-06,2026-06-06T13:54:03,LINE-B,DSF-1550,OP-103,0.2249,8.232,796.4,21.48,1136.4,1508.0,0,
f3de13eb-9ef2-4ed9-99b6-3a33448ef782,2026-06-06,2026-06-06T11:51:30,LINE-A,OM3-50,OP-103,0.312,8.038,893.1,24.41,1194.1,4953.0,0,
764fbd57-ae41-41e1-b87b-16aaac69b890,2026-06-06,2026-06-06T10:40:15,LINE-C,OM4-50,OP-104,0.2092,8.989,757.2,18.93,1005.8,1507.0,0,
2a542f46-bfbb-4fa7-bd91-d85dd15cb5de,2026-06-06,2026-06-06T07:44:30,LINE-B,OM4-50,OP-101,0.2878,8.286,775.8,22.59,1198.9,3796.0,0,
c395c22b-149c-4f31-9094-018084bdef47,2026-06-06,2026-06-06T13:06:33,LINE-B,OM4-50,,0.2726,9.158,740.0,23.89,1113.7,1738.0,0,missing_operator
66e3f674-a43d-4347-9d10-7de180805c22,2026-06-06,2026-06-06T06:48:27,LINE-C,OM3-50,OP-103,0.1941,9.244,858.8,18.25,1113.2,277.0,0,
de803707-f826-449b-a777-2d58003d4ea8,2026-06-06,2026-06-06T07:21:42,LINE-B,SMF-28,OP-101,0.202,8.014,877.7,24.82,923.1,2171.0,1,
161079a9-045f-49e1-adf8-59a332befbca,2026-06-06,2026-06-06T09:40:24,LINE-C,OM4-50,OP-102,0.1966,8.772,842.2,24.06,882.7,213.0,0,
aae087e7-15bb-4767-85f2-9d5c2c269c34,2026-06-06,2026-06-06T11:20:09,LINE-A,OM3-50,OP-101,0.3001,8.722,725.0,22.33,1146.8,3592.0,0,
56673541-904e-4787-9c99-f0133170e1cc,2026-06-06,2026-06-06T09:41:21,LINE-C,SMF-28,OP-104,0.2234,8.284,806.8,20.98,1022.0,984.0,0,
8b69a3d0-c876-4519-a3ad-e70fb5478365,2026-06-06,2026-06-06T10:57:21,LINE-B,OM4-50,OP-104,0.2723,,758.6,21.29,859.8,3315.0,0,null_sensor
95872e84-3ac5-4601-8f7a-2cf0e6673088,2026-06-06,2026-06-06T12:22:51,LINE-C,OM3-50,OP-104,0.3175,8.664,739.3,20.37,861.6,1850.0,0,
007ca102-8435-44f8-b3bd-0984bbaaa8b2,2026-06-06,2026-06-06T11:07:48,LINE-B,OM3-50,OP-103,0.3382,8.766,833.4,19.51,1146.6,2165.0,0,
d62aec17-bac3-4aa0-ab92-0638b93d59bd,2026-06-06,2026-06-06T09:09:03,LINE-B,SMF-28,OP-104,0.3214,9.361,744.1,21.27,1031.7,4070.0,0,
cd28a132-31c7-4955-b4ea-0eafcb85cc0f,2026-06-06,2026-06-06T07:29:18,LINE-B,OM4-50,OP-103,0.2803,9.237,885.8,22.09,1051.9,3883.0,0,
dddce17c-389b-438a-a786-344592ab0600,2026-06-06,2026-06-06T13:44:33,LINE-C,OM4-50,OP-101,0.2275,8.967,752.9,20.19,976.9,3668.0,0,
21dd8c5c-d192-404c-a18c-206e265ac86b,2026-06-06,2026-06-06T10:45:57,LINE-A,OM4-50,OP-103,0.2359,8.754,801.5,22.63,988.6,4191.0,0,
27edc418-ea15-47db-8209-8e46f9e05927,2026-06-06,2026-06-06T13:36:00,LINE-A,DSF-1550,OP-101,0.309,8.648,876.3,24.81,890.0,4922.0,0,
282362d5-fb26-41fa-bd07-be01028adca2,2026-06-06,2026-06-06T10:48:48,LINE-C,OM3-50,OP-101,0.3267,8.36,710.8,20.91,840.6,3165.0,0,
b9caee3a-9679-4857-9dc7-09052c67c985,2026-06-06,2026-06-06T07:35:57,LINE-A,DSF-1550,OP-104,0.3368,9.221,842.7,19.9,1155.4,580.0,0,
17cee938-d26d-47e4-a51c-02476aa80341,2026-06-06,2026-06-06T13:15:06,LINE-B,OM3-50,OP-101,0.193,8.038,723.4,21.65,1091.9,3120.0,0,
358f4a18-e2f6-4177-aadd-d27bfddfeb30,2026-06-06,2026-06-06T06:42:45,LINE-B,OM3-50,OP-102,0.2587,9.414,761.9,19.99,926.7,2603.0,0,
5f5d5811-2ed6-4698-abe1-af9e45de5fbe,2026-06-06,2026-06-06T06:47:30,LINE-C,DSF-1550,OP-102,0.2737,8.869,731.9,20.39,1050.9,577.0,0,
c8a3aa51-33d0-44b0-86e1-978428b74a04,2026-06-06,2026-06-06T06:32:18,LINE-B,SMF-28,OP-104,0.3417,8.164,809.9,23.39,909.4,484.0,0,
050e0f60-333f-4055-9320-8779ea967965,2026-06-06,2026-06-06T13:37:54,LINE-B,DSF-1550,OP-103,0.3106,8.825,843.7,24.12,935.3,774.0,0,
dfaef51d-2b48-480f-8fbe-a855b3406a29,2026-06-06,2026-06-06T10:50:42,LINE-C,SMF-28,OP-102,0.2759,8.643,849.2,23.55,972.6,4971.0,0,
907eda48-b4b6-4736-ac8b-637e5f774758,2026-06-06,2026-06-06T08:25:21,LINE-B,DSF-1550,OP-103,0.2112,8.09,764.1,19.75,1093.7,2245.0,0,
2ea9be04-e0f1-4fe6-a4bd-37f9fb78efaa,2026-06-06,2026-06-06T11:54:21,LINE-A,OM4-50,OP-103,0.2244,8.051,805.9,22.32,857.5,2360.0,0,
035be7c3-078b-4458-8ef9-6f040b4a7bd4,2026-06-06,2026-06-06T12:19:03,LINE-A,DSF-1550,OP-104,0.3073,8.721,734.6,19.38,868.0,898.0,0,
8bffd1fd-cb8e-4c3b-a300-135d1cec347c,2026-06-06,2026-06-06T08:23:27,LINE-B,OM3-50,OP-102,0.342,6.021,741.4,24.69,1161.1,639.0,1,out_of_range_low
84a4201a-a524-492c-ba98-9a0175396f22,2026-06-06,2026-06-06T11:56:15,LINE-B,DSF-1550,OP-103,0.3269,8.238,851.4,23.86,976.2,1911.0,0,
163b4d8c-b72b-417a-9716-072713550f4a,2026-06-06,2026-06-06T07:28:21,LINE-B,DSF-1550,OP-102,0.1984,8.748,810.4,22.89,850.0,1155.0,0,
0fb2882e-5548-4a7b-ba73-cb4ac6e694f5,2026-06-06,2026-06-06T09:39:27,LINE-C,OM3-50,OP-104,0.3174,8.572,701.3,18.33,1029.0,3553.0,0,
cb24ec95-a280-48f7-abf9-ff6cf59c2b3f,2026-06-06,2026-06-06T09:08:06,LINE-B,DSF-1550,OP-104,0.1817,9.499,873.6,20.01,1148.5,4496.0,0,
4fcb3141-819a-44b0-ae76-a5f7d42e0cf1,2026-06-06,2026-06-06T13:12:15,LINE-A,SMF-28,OP-102,0.3023,8.417,855.0,18.75,921.3,2175.0,0,
3d71aa0d-69d4-40d1-877f-1ff45332753f,2026-06-06,2026-06-06T07:26:27,LINE-C,OM4-50,OP-104,0.3215,8.026,834.1,19.44,1087.9,3496.0,1,
0fc911fe-9d5c-450d-aa94-d4b12c156098,2026-06-06,2026-06-06T09:44:12,LINE-B,DSF-1550,OP-103,0.3331,9.278,767.0,22.62,993.8,4748.0,0,
6f70a3ff-26f5-49af-b133-3239f8c6c7d5,2026-06-06,2026-06-06T06:55:06,LINE-C,DSF-1550,OP-102,0.348,9.001,774.6,18.72,815.0,4952.0,0,
2e97028f-325d-42ee-8375-efd47bf936c6,2026-06-06,2026-06-06T13:52:09,LINE-C,OM4-50,OP-103,0.3049,8.583,848.7,18.3,1081.7,2784.0,0,
20125422-ed3f-44e7-8354-5d1578631ff3,2026-06-06,2026-06-06T12:09:33,LINE-B,SMF-28,OP-104,0.2732,8.093,894.5,24.53,884.4,1524.0,0,
2cdbb852-28cf-4c4d-8e2c-35b27cdc9f7f,2026-06-06,2026-06-06T09:01:27,LINE-A,OM4-50,OP-104,0.308,8.365,707.2,22.34,906.1,4420.0,0,
a113abbb-b0d8-47eb-bdfa-daadea9c66f4,2026-06-06,2026-06-06T07:52:06,LINE-A,DSF-1550,OP-101,0.2694,8.274,848.6,23.97,1037.6,2424.0,0,
8edadb2f-5c6a-416c-a323-8895a147b75d,2026-06-06,2026-06-06T07:36:54,LINE-C,OM4-50,OP-101,0.2406,8.092,716.1,18.87,881.8,1850.0,0,
6780ccf5-498d-47fd-be46-463a86c05fc9,2026-06-06,2026-06-06T08:58:36,LINE-B,OM3-50,OP-103,0.2137,8.491,709.6,21.04,1156.9,3375.0,0,
2b0c7956-2cf0-49a6-bb74-b6b54d9700c3,2026-06-06,2026-06-06T08:33:54,LINE-A,OM3-50,OP-104,0.1984,9.165,742.8,20.49,1114.7,3146.0,0,
c2712bde-f287-4a27-9b18-2668e4676895,2026-06-06,2026-06-06T07:19:48,LINE-C,,OP-101,0.2922,9.172,880.3,18.46,1180.0,4204.0,0,null_product
7a56189b-c004-4ef6-b86d-501ad9bd4528,2026-06-06,2026-06-06T10:13:39,LINE-C,SMF-28,OP-103,0.2136,9.268,896.9,23.67,1032.7,4278.0,0,
739a683e-2a2b-4cd2-9982-d1ea31d310f9,2026-06-06,2026-06-06T07:50:12,LINE-C,OM4-50,OP-102,0.2886,9.25,856.9,20.73,1193.6,3733.0,0,
45f22ab8-0ca0-4de0-9076-0ed3cad9dc23,2026-06-06,2026-06-06T07:40:42,LINE-A,SMF-28,OP-101,0.3275,9.105,734.5,24.34,831.8,325.0,0,
35df3397-87ed-48d2-99f8-deef2fcbb287,2026-06-06,2026-06-06T08:50:03,LINE-B,SMF-28,OP-102,0.2367,9.289,809.1,22.18,1186.3,1856.0,0,
5ca44129-eb79-400c-a476-0aa6f5ab7123,2026-06-06,2026-06-06T08:12:03,LINE-C,OM4-50,OP-104,0.2379,8.993,886.7,18.7,1014.7,2403.0,0,
cc803220-39d4-4506-a8dd-f66c627cb44f,2026-06-06,2026-06-06T12:41:51,LINE-B,,OP-103,0.2056,8.425,703.4,23.99,997.8,3291.0,1,null_product
096ced91-c354-45ab-9519-9bb5a8567f88,2026-06-06,2026-06-06T12:39:00,LINE-A,OM3-50,OP-103,0.2783,8.161,813.7,21.1,1112.9,2361.0,1,
0d81313c-c30f-46d0-aef7-d494aeafe95d,2026-06-06,2026-06-06T10:05:06,LINE-A,OM4-50,OP-101,0.202,9.346,732.9,21.37,988.1,4730.0,0,
eee0417d-7108-4c96-8501-adddd66c06cf,2026-06-06,2026-06-06T13:20:48,LINE-B,SMF-28,OP-103,0.2974,5.378,816.4,21.79,934.8,639.0,0,out_of_range_low
a2bea6a7-fcc8-4e1c-979e-fcdcbb34e573,2026-06-06,2026-06-06T06:15:12,LINE-A,OM3-50,OP-101,0.3355,8.119,896.2,18.35,1088.8,1722.0,0,
73ab6c20-e158-45d2-9030-e9bfbf4fd0e3,2026-06-06,2026-06-06T06:20:54,LINE-C,DSF-1550,OP-104,0.2961,8.855,743.3,23.04,858.9,4896.0,0,
931bbe82-afce-44bf-853b-66571748cb4a,2026-06-06,2026-06-06T10:27:54,LINE-B,OM4-50,OP-102,0.2786,8.804,737.1,24.42,818.4,1872.0,0,
0e1d61c1-03d0-4fa6-bff5-82068d455ba8,2026-06-06,2026-06-06T06:17:06,LINE-C,SMF-28,OP-104,0.2275,8.8,791.5,20.47,839.4,551.0,0,
79b607e1-1c2b-4272-b0a6-6c0147efd724,2026-06-06,2026-06-06T09:00:30,LINE-C,DSF-1550,OP-104,0.5833,9.049,821.7,22.88,1036.6,1097.0,1,out_of_range_high
e213ba46-c284-43ec-ac40-d868276698d6,2026-06-06,2026-06-06T08:17:45,LINE-A,OM3-50,OP-103,0.1939,8.345,893.6,18.56,1070.2,4841.0,0,
0518dcab-cde2-41b2-acfb-20d0841da20d,2026-06-06,2026-06-06T11:37:15,LINE-A,OM3-50,OP-102,0.3369,9.486,845.8,21.48,899.0,4128.0,0,
df1196eb-ee96-4ec6-bb24-da49b4e872ec,2026-06-06,2026-06-06T11:14:27,LINE-C,DSF-1550,OP-102,0.3262,8.55,735.7,22.8,865.7,2966.0,0,
e95003c1-ab8a-41a5-8d98-ee9fdc994c24,2026-06-06,2026-06-06T07:54:00,LINE-C,SMF-28,OP-103,0.2183,8.944,786.7,19.33,944.8,2396.0,0,
145bf800-7519-489c-bb1d-674e3005c34a,2026-06-06,2026-06-06T11:39:09,LINE-C,OM4-50,OP-104,0.23,9.153,873.2,19.46,1082.9,2315.0,0,
a09c806f-0ad0-4c57-82db-6eb481bd7991,2026-06-06,2026-06-06T06:25:39,LINE-C,DSF-1550,OP-102,0.3117,9.166,845.4,18.35,949.4,3705.0,0,
846f6ee5-dc0c-4b0e-beee-c3ca7d16816a,2026-06-06,2026-06-06T11:41:03,LINE-C,DSF-1550,,0.2558,8.15,888.8,18.56,908.3,2423.0,0,missing_operator
a97378ce-6f23-4b51-b812-46bc9e6517f6,2026-06-06,2026-06-06T09:25:12,LINE-A,DSF-1550,OP-102,0.2709,9.438,802.6,21.24,887.6,2711.0,0,
b1e58906-6d81-4327-8023-2ec769dcc05c,2026-06-06,2026-06-06T12:37:06,LINE-C,DSF-1550,OP-102,0.2464,8.414,734.7,24.4,1187.0,1687.0,0,
ebdbf5d9-0432-41a7-bcca-dc14d85d1e73,2026-06-06,2026-06-06T07:33:06,LINE-A,OM4-50,OP-103,0.2936,9.296,791.2,21.85,946.4,-12.0,0,negative_throughput
12eeecb7-411a-4ebb-97b3-905d6016ff34,2026-06-06,2026-06-06T12:00:03,LINE-A,DSF-1550,OP-104,0.3315,9.241,753.0,23.85,1169.7,715.0,0,
696388a0-5731-488b-8520-ff225fe9bc42,2026-06-06,2026-06-06T13:45:30,LINE-C,DSF-1550,OP-101,0.3478,8.43,747.5,19.35,826.8,841.0,0,
df7c4834-b760-4e4c-8492-e13f68aaa325,2026-06-06,2026-06-06T11:23:57,LINE-A,OM4-50,OP-104,0.2167,8.014,856.7,20.57,968.0,1225.0,0,
5197aed2-89ce-471c-aaca-56ccb9dfe33c,2026-06-06,2026-06-06T12:36:09,LINE-C,DSF-1550,OP-103,0.2972,8.163,795.4,19.58,806.2,1800.0,0,
3f5368ad-8dfe-49f8-ba8f-412f169197ba,2026-06-06,2026-06-06T11:47:42,LINE-A,OM3-50,OP-102,0.2719,9.033,895.1,20.13,916.0,3483.0,0,
ace5217d-8cfb-43dc-846c-fc0ddef86030,2026-06-06,2026-06-06T07:07:27,LINE-A,DSF-1550,OP-101,0.1897,9.116,737.6,18.08,1163.3,1246.0,0,
f8688d3d-88f9-43bd-9c9c-9a2d3a5c368c,2026-06-06,2026-06-06T06:34:12,LINE-B,DSF-1550,OP-103,0.1917,8.949,851.1,18.03,827.1,2295.0,0,
7f5cc06a-8918-4247-9044-42aabc34ed67,2026-06-06,2026-06-06T12:14:18,LINE-B,SMF-28,OP-102,0.2037,8.37,784.9,24.03,884.5,1523.0,0,
c7037091-f679-4e38-9197-8a8d4d92d618,2026-06-06,2026-06-06T06:11:24,LINE-B,SMF-28,OP-103,0.3162,8.622,822.6,20.61,1010.8,1192.0,0,
10e53066-9c8c-4f2e-a345-95434e22dbe8,2026-06-06,2026-06-06T06:23:45,LINE-B,DSF-1550,OP-101,0.3353,8.554,870.1,23.83,977.0,2833.0,0,
c19f3bd2-ce98-43a3-bdf0-9fa16ed05556,2026-06-06,2026-06-06T12:13:21,LINE-C,OM4-50,OP-104,0.1972,6.333,821.7,21.95,1154.9,457.0,1,out_of_range_low
9e230fc4-fad4-4f8d-be0c-09e72c5f46b5,2026-06-06,2026-06-06T13:48:21,LINE-C,OM3-50,OP-104,0.2457,8.167,813.2,22.92,801.5,2926.0,0,
a76065ad-5310-4e8f-b256-8a42d992b6fc,2026-06-06,2026-06-06T07:13:09,LINE-C,OM4-50,OP-103,0.2588,8.981,779.1,18.33,1075.5,3121.0,0,
0e033711-f260-4230-8412-a448b4e73f61,2026-06-06,2026-06-06T07:14:06,LINE-A,DSF-1550,OP-103,0.2233,8.891,895.1,23.24,1102.6,3073.0,0,
8bd90c74-58ce-41f6-a174-405aba86dbe2,2026-06-06,2026-06-06T08:30:06,LINE-A,OM3-50,OP-104,0.2676,8.668,791.9,23.25,1092.1,4688.0,0,
469c4e94-2ec1-4f88-a36d-f70d60ae1dfc,2026-06-06,2026-06-06T08:51:00,LINE-A,OM4-50,OP-104,0.2792,8.773,726.4,18.2,1098.3,2724.0,1,
c689ee87-cb1d-4b47-bd67-18d35703d961,2026-06-06,2026-06-06T08:13:00,LINE-B,SMF-28,OP-101,0.3187,8.781,701.5,21.93,1155.1,1601.0,0,
249cddd5-fc95-4b19-a8d5-44bad9b5b769,2026-06-06,2026-06-06T12:18:06,LINE-B,OM4-50,OP-103,0.2501,8.265,792.9,20.32,1136.3,4308.0,0,
12c8a38b-772d-4d0a-b5e4-26d87dba0b64,2026-06-06,2026-06-06T13:42:39,LINE-C,OM3-50,OP-103,0.3008,8.032,741.4,20.05,1007.3,4783.0,0,
0fb57b8b-a729-4982-8e74-c6064e36dd73,2026-06-06,2026-06-06T09:26:09,LINE-A,OM4-50,OP-101,0.1976,9.208,892.2,21.66,1035.2,2008.0,0,
99b920b5-ed7a-4dc6-9081-32ce032b9152,2026-06-06,2026-06-06T09:49:54,LINE-B,SMF-28,OP-104,0.3219,9.454,795.9,23.91,972.7,4008.0,0,
f98c5bc9-320b-4a12-aa19-57bc88dffce7,2026-06-06,2026-06-06T06:39:54,LINE-C,OM3-50,OP-103,0.3402,8.726,716.7,22.02,800.3,1641.0,0,
8f1eb147-9b07-48b5-a36a-8e095714779b,2026-06-06,2026-06-06T09:18:33,LINE-C,OM4-50,OP-104,0.2461,8.367,719.3,24.17,927.6,-419.0,0,negative_throughput
a3455a57-5e6d-49eb-a2c5-40c46c9a224e,2026-06-06,2026-06-06T11:16:21,LINE-C,SMF-28,OP-104,0.3378,9.493,833.4,22.38,892.3,2591.0,0,
88b35081-55d6-4b53-b6a0-554bb474a940,2026-06-06,2026-06-06T10:15:33,LINE-B,OM3-50,OP-101,0.2638,8.83,895.7,19.06,1128.4,824.0,0,
2b95159d-47a2-4390-9294-58fae2a8ddd7,2026-06-06,2026-06-06T10:19:21,LINE-C,OM4-50,OP-101,0.2961,8.302,759.7,19.15,1059.7,4217.0,0,
8aa76363-7ea3-435b-801e-3a31f8e1d1fb,2026-06-06,2026-06-06T12:31:24,LINE-A,DSF-1550,OP-102,0.303,8.739,759.3,19.66,1047.2,3887.0,0,
5a6f267d-f0e6-452a-a7bc-2c334f82a847,2026-06-06,2026-06-06T08:42:27,LINE-B,DSF-1550,OP-101,0.2223,8.304,872.4,24.53,875.2,3112.0,0,
a57f238e-40bd-4b34-be11-f7487051d427,2026-06-06,2026-06-06T09:14:45,LINE-A,OM3-50,OP-103,0.3412,8.257,895.0,23.23,971.8,1801.0,0,
99a0fc82-64f3-489b-9b41-41b4ce277b3f,2026-06-06,2026-06-06T12:17:09,LINE-A,OM3-50,,0.299,8.949,721.3,23.35,855.8,3136.0,0,missing_operator
da881c22-7060-430b-8885-6b5fbf5ece27,2026-06-06,2026-06-06T08:02:33,LINE-C,OM3-50,OP-103,0.2511,8.851,744.4,24.23,987.8,592.0,0,
538fb726-2915-4286-b748-e73848838f6d,2026-06-06,2026-06-06T13:41:42,LINE-B,DSF-1550,OP-104,0.323,8.802,882.1,19.29,1110.2,461.0,0,
6f0606ec-4407-4168-bb7c-496185a19483,2026-06-06,2026-06-06T12:42:48,LINE-B,,OP-101,0.192,8.103,727.1,20.47,1199.8,1056.0,0,null_product
5bc5ffd7-0e7a-45e0-a827-d9c6d241c14b,2026-06-06,2026-06-06T13:47:24,LINE-C,OM4-50,OP-104,0.2018,9.448,877.6,18.02,1170.7,4629.0,0,
c8f18866-c092-471a-9a9a-2940803370cd,2026-06-06,2026-06-06T07:27:24,LINE-A,DSF-1550,OP-104,0.2735,9.284,825.1,18.61,1055.1,2582.0,0,
4f7ab4b0-82b1-4ab0-9825-be38b4e71f8f,2026-06-06,2026-06-06T12:23:48,LINE-B,OM3-50,OP-102,0.2197,9.092,891.2,21.41,1194.3,4679.0,0,
c22e0fe3-3006-4dec-9486-ca3ba5e15e99,2026-06-06,2026-06-06T12:56:06,LINE-A,DSF-1550,OP-101,0.2598,8.501,894.9,22.1,827.6,3695.0,0,
aac5e570-7701-477e-9c73-584a7a2b1eff,2026-06-06,2026-06-06T11:00:12,LINE-A,OM4-50,OP-104,0.3216,9.26,792.7,23.99,882.4,4651.0,0,
05a842b8-92b7-4802-9e26-4aeb73885648,2026-06-06,2026-06-06T06:13:18,LINE-B,DSF-1550,OP-104,0.1946,9.226,893.9,23.23,895.4,1981.0,0,
e53e28fc-9576-4042-bd78-fdb4ea800988,2026-06-06,2026-06-06T07:43:33,LINE-C,SMF-28,OP-103,0.221,9.375,865.5,21.62,1192.6,2551.0,0,
cdd0c7fa-a880-4dc8-a45a-a21fd4b5e2c3,2026-06-06,2026-06-06T08:16:48,LINE-B,OM3-50,OP-101,0.2142,8.679,801.2,22.34,919.3,245.0,0,
80e220d2-8c95-40a1-8b00-99493b706c59,2026-06-06,2026-06-06T08:48:09,LINE-B,SMF-28,OP-102,0.2677,8.05,708.4,22.25,854.5,3827.0,0,
1d7d0bdf-a0fc-410a-90e7-b3b1e2333d81,2026-06-06,2026-06-06T12:46:36,LINE-C,OM3-50,OP-101,0.2765,8.154,844.7,24.46,874.7,4276.0,0,
ab54d7db-5c52-434b-8e0f-8770b90dbb0b,2026-06-06,2026-06-06T12:53:15,LINE-A,DSF-1550,OP-104,0.2076,9.279,881.9,19.88,917.5,2022.0,0,
d9668902-bc58-4214-985f-543d254ed4c8,2026-06-06,2026-06-06T07:16:00,LINE-B,SMF-28,OP-103,0.1915,8.577,870.0,18.67,1183.8,787.0,0,
5f453c2e-3865-4797-b97f-69b5fe3dd355,2026-06-06,2026-06-06T12:40:54,LINE-B,OM3-50,OP-101,0.2988,8.712,815.1,24.24,1106.9,1191.0,0,
da84bc02-5ebb-4e89-81ac-e990fd54068b,2026-06-06,2026-06-06T08:57:39,LINE-A,OM3-50,OP-101,0.3072,9.415,816.1,20.38,1007.3,338.0,0,
51a84acc-f906-4026-a634-f7ad6a9956ea,2026-06-06,2026-06-06T13:43:36,LINE-A,OM3-50,OP-103,0.2458,8.351,839.2,19.04,1004.8,3839.0,0,
e2a993dc-7343-40f8-a8c1-0108bd42d901,2026-06-06,2026-06-06T07:37:51,LINE-C,SMF-28,OP-101,0.3161,8.046,858.9,24.28,1088.7,2635.0,0,
df12f740-b58d-4756-bfb6-18b803d8b2a5,2026-06-06,2026-06-06T11:04:00,LINE-C,SMF-28,OP-101,0.2187,8.561,870.3,18.94,1048.1,3893.0,0,
0fd8acc3-0dc4-4fc3-af2d-233a775f76d9,2026-06-06,2026-06-06T13:31:15,LINE-B,OM3-50,OP-101,0.2326,8.438,881.7,20.27,1135.7,1313.0,0,
4ecfa1ae-c1e0-40e7-bb0c-aa7008dfa5a3,2026-06-06,2026-06-06T09:12:51,LINE-A,OM4-50,OP-101,0.2105,8.648,843.8,18.28,969.6,1321.0,0,
8e2f7b47-f992-4035-b8ed-ec80edfcd068,2026-06-06,2026-06-06T09:20:27,LINE-A,DSF-1550,OP-101,0.2504,8.92,780.2,22.15,907.7,1520.0,0,
6f6df58b-0432-4436-ab65-40e410b8bd8f,2026-06-06,2026-06-06T13:19:51,LINE-B,DSF-1550,OP-103,0.3287,9.454,861.7,21.91,1117.3,2215.0,0,
5041d795-6e5c-425a-91ba-09599ca21180,2026-06-06,2026-06-06T11:36:18,LINE-B,OM4-50,OP-103,,8.507,821.4,18.91,1021.2,4756.0,0,null_sensor
4b7d13dc-8323-495c-8d53-72f5044b3118,2026-06-06,2026-06-06T12:33:18,LINE-A,OM3-50,OP-103,0.3069,9.338,742.0,22.39,1086.8,4226.0,0,
1262e217-74dd-4429-96fe-2cd5df152dcf,2026-06-06,2026-06-06T13:35:03,LINE-A,DSF-1550,OP-103,0.3309,9.27,727.2,22.88,1157.5,208.0,0,
45bcb261-c4a3-4adb-a648-b515a1793f41,2026-06-06,2026-06-06T06:36:06,LINE-C,OM3-50,OP-104,0.7742,8.277,802.3,21.11,914.6,724.0,0,out_of_range_high
09131e00-86f9-44a5-b559-92acbf734fc1,2026-06-06,2026-06-06T10:21:15,LINE-B,OM4-50,OP-104,0.2011,8.452,833.1,19.11,879.7,3133.0,0,
d78eaea3-cdc4-4cbf-a2b1-aae38f6fa7d7,2026-06-06,2026-06-06T12:55:09,LINE-B,SMF-28,OP-104,0.3466,8.461,849.5,18.31,898.3,1277.0,0,
4c2209ee-173e-43c1-967f-2edc6df85f09,2026-06-06,2026-06-06T09:16:39,LINE-C,SMF-28,OP-103,0.2791,8.2,728.8,20.87,892.1,846.0,0,
089f3695-0e05-4b58-b6ca-6ad45790c31b,2026-06-06,2026-06-06T10:47:51,LINE-C,OM4-50,OP-102,0.2818,9.108,758.1,19.63,818.9,3254.0,0,
dca4a0aa-a80f-486e-8c08-b4dcfb86cb41,2026-06-06,2026-06-06T06:40:51,LINE-A,SMF-28,OP-101,0.2085,9.047,889.3,20.22,950.7,1203.0,0,
320d2943-159c-4b37-b466-21139e4d0739,2026-06-06,2026-06-06T13:30:18,LINE-B,OM3-50,OP-104,0.257,8.419,752.0,19.69,1060.1,521.0,0,
44230837-1287-4c40-8c9a-92316cd17159,2026-06-06,2026-06-06T08:54:48,LINE-A,OM4-50,OP-101,0.2965,9.028,839.7,19.42,961.7,3512.0,0,
ab2b4078-36a4-4565-a5f7-f4b15c278940,2026-06-06,2026-06-06T11:45:48,LINE-A,OM3-50,OP-102,0.3059,9.336,728.1,22.39,1053.4,1873.0,0,
70e9a980-929e-4193-a45f-23a91a3cd243,2026-06-06,2026-06-06T13:14:09,LINE-B,SMF-28,OP-102,0.2866,8.03,853.2,21.99,1076.0,4111.0,0,
6e86b835-cde2-4d6e-a167-bf6b6ff14a8d,2026-06-06,2026-06-06T11:46:45,LINE-C,OM3-50,OP-104,0.1802,8.016,759.3,23.85,930.4,2972.0,1,
f394056d-ed40-4536-ab8b-e2254ad2c86a,2026-06-06,2026-06-06T12:34:15,LINE-C,OM4-50,OP-102,0.1901,9.37,704.5,23.15,821.2,2044.0,1,
4f1b17f8-31b4-4d5b-9dbe-feedb760be2a,2026-06-06,2026-06-06T10:53:33,LINE-A,DSF-1550,OP-101,0.2751,8.553,715.6,21.7,1121.6,3934.0,0,
8a36b087-1d93-4a7c-b35f-264621825b4e,2026-06-06,2026-06-06T12:49:27,LINE-C,SMF-28,OP-102,0.3241,8.163,874.1,23.28,1141.3,1693.0,0,
5657642b-8b9d-4278-b48c-a31707bacaff,2026-06-06,2026-06-06T11:55:18,LINE-A,DSF-1550,OP-101,0.2829,9.283,794.3,19.71,1110.9,3386.0,0,
f557eeaa-1aa3-4287-97aa-36c3170e4fac,2026-06-06,2026-06-06T13:23:39,LINE-C,SMF-28,OP-101,0.2217,9.25,875.5,18.58,1093.4,4928.0,0,
5adb75f8-3714-4e7a-b919-0d8702bcc0f2,2026-06-06,2026-06-06T11:49:36,LINE-B,DSF-1550,OP-104,0.2771,8.118,856.1,21.33,802.9,2969.0,0,
00a791b4-a27a-400a-bd75-e4a60b60081f,2026-06-06,2026-06-06T13:07:30,LINE-C,OM4-50,OP-104,0.2775,8.938,820.5,23.13,904.0,2803.0,1,
ceb4ab73-2f75-44a8-a979-91dc98133eab,2026-06-06,2026-06-06T12:30:27,LINE-C,SMF-28,OP-104,0.283,9.242,873.9,24.9,848.5,2795.0,0,
e2fe789e-2ef5-420a-8c81-9088dc999915,2026-06-06,2026-06-06T07:11:15,LINE-C,OM4-50,OP-104,0.3256,8.501,898.2,18.6,1194.2,2978.0,1,
637a2466-4738-48d9-86e0-ae801a9f12d1,2026-06-06,2026-06-06T07:20:45,LINE-A,DSF-1550,OP-104,0.3137,9.151,843.9,20.74,1029.7,934.0,0,
6c53509d-21f9-48c4-988f-95bb01080c35,2026-06-06,2026-06-06T08:52:54,LINE-A,SMF-28,OP-102,0.2788,8.815,773.4,20.32,1130.7,676.0,0,
5a7003cb-9913-4bfd-a5f4-b3dd42fa7f93,2026-06-06,2026-06-06T07:04:36,LINE-C,SMF-28,OP-103,0.1964,8.182,745.9,21.52,1105.9,3294.0,0,
2162543d-df0c-4586-ba62-dcb7ac9b5964,2026-06-06,2026-06-06T08:15:51,LINE-C,OM3-50,OP-101,0.1952,9.064,747.9,19.92,978.7,3140.0,0,
b051ddad-eff3-4141-a323-caae83850975,2026-06-06,2026-06-06T13:05:36,LINE-B,DSF-1550,OP-102,0.3237,8.275,736.3,20.72,819.0,498.0,0,
122a390d-0c6f-42f8-91b2-10af76ebc3b5,2026-06-06,2026-06-06T13:03:42,LINE-B,SMF-28,OP-102,0.1819,8.05,817.7,19.34,834.6,506.0,0,
7458de3a-1637-4684-9108-84c55d6fc22d,2026-06-06,2026-06-06T10:59:15,LINE-C,OM3-50,OP-104,0.2242,8.13,847.8,20.02,943.2,430.0,0,
4830cf76-4806-4e2f-ada5-160f98e9cd92,2026-06-06,2026-06-06T12:21:54,LINE-B,SMF-28,OP-104,0.3496,8.738,766.1,19.73,1095.8,1376.0,0,
812b4e1e-bf9f-4a99-9ac5-8df4cf0e3d42,2026-06-06,2026-06-06T12:51:21,LINE-B,DSF-1550,OP-103,0.2539,8.327,843.4,24.64,988.8,757.0,0,
0b369a99-5140-44b0-98ca-0aceaadc6372,2026-06-06,2026-06-06T13:10:21,LINE-A,SMF-28,OP-101,0.307,8.882,701.3,18.63,806.3,3052.0,0,
198dc48a-4d9c-40a0-9d7e-229de7265f56,2026-06-06,2026-06-06T10:11:45,LINE-B,OM4-50,OP-103,0.2202,8.824,722.5,23.22,977.7,743.0,0,
ea439b17-b178-49ad-a025-b62bd53c394c,2026-06-06,2026-06-06T08:40:33,LINE-B,OM3-50,OP-102,0.1944,8.622,862.6,24.65,1045.1,2312.0,0,
2c088cb1-f835-44cf-b90b-b08544507094,2026-06-06,2026-06-06T11:04:57,LINE-C,SMF-28,OP-102,0.2796,8.349,807.8,20.66,1199.6,4315.0,0,
5dfd8060-2a32-4932-94a0-dcaec71c6e93,2026-06-06,2026-06-06T08:31:03,LINE-A,OM4-50,OP-104,0.2953,9.334,822.6,24.41,1184.9,339.0,0,
0c6113cd-287a-45b0-9fed-08a4bebe2620,2026-06-06,2026-06-06T11:18:15,LINE-B,OM3-50,OP-103,0.2605,8.58,778.0,24.33,1115.3,3407.0,0,
916b695f-834e-453c-b570-7a32ce625822,2026-06-06,2026-06-06T07:56:51,LINE-B,SMF-28,OP-102,0.2087,8.881,823.4,18.83,984.5,4435.0,0,
6e4a4c5d-957a-46a0-aebc-389eee1f84d7,2026-06-06,2026-06-06T06:35:09,LINE-A,SMF-28,OP-101,0.1816,8.191,899.7,23.54,1065.5,2264.0,0,
858cbca9-2c3b-45e2-97c0-e8dcc6039ae7,2026-06-06,2026-06-06T09:29:57,LINE-C,OM3-50,OP-102,0.2512,8.567,800.8,22.55,964.8,2012.0,0,
ed617384-0c88-4154-845e-3c7faaa6e3a5,2026-06-06,2026-06-06T09:54:39,LINE-A,OM4-50,OP-103,0.332,9.327,841.0,18.86,1153.3,2482.0,0,
d78e065a-50f9-457d-9413-8577b673735d,2026-06-06,2026-06-06T09:32:48,LINE-B,OM3-50,OP-102,0.3453,8.168,821.2,23.37,1039.1,2090.0,0,
ef8dbfc7-384a-40ce-8bd7-6a830b0f4cdd,2026-06-06,2026-06-06T12:38:03,LINE-B,OM4-50,OP-101,0.2753,9.016,849.2,20.86,895.1,1796.0,0,
c6750c3f-b348-4f96-81f9-11b77c7f868f,2026-06-06,2026-06-06T10:56:24,LINE-A,OM4-50,OP-103,0.2882,9.042,726.3,21.71,1088.4,4108.0,0,
fabcc983-8965-4e5b-86c8-55e54e0c185a,2026-06-06,2026-06-06T09:13:48,LINE-A,DSF-1550,OP-104,0.2484,8.225,782.7,20.62,828.8,3257.0,0,
683616f2-1cc3-475e-829b-99cc5b575cf0,2026-06-06,2026-06-06T09:17:36,LINE-A,OM3-50,OP-101,0.2383,9.451,813.8,22.52,1030.7,2514.0,0,
4a776914-6977-4a86-9107-bf71fd0c8499,2026-06-06,2026-06-06T10:10:48,LINE-C,OM4-50,OP-104,0.2621,8.47,702.0,23.42,1039.2,4173.0,0,
f31b32b6-a02d-4fab-9fbd-f24b3929a133,2026-06-06,2026-06-06T08:39:36,LINE-C,OM4-50,OP-104,0.2069,8.025,890.5,23.11,994.0,2256.0,0,
348afe18-e5ac-4644-ba6d-13d204ba8972,2026-06-06,2026-06-06T11:59:06,LINE-B,OM3-50,OP-104,0.2017,8.45,770.4,18.63,1161.7,2493.0,0,
a100ef69-e5b1-4011-8d42-d5b54b79dfb6,2026-06-06,2026-06-06T11:35:21,LINE-A,DSF-1550,OP-103,0.3277,8.239,893.5,21.33,1092.1,4276.0,0,
44230837-1287-4c40-8c9a-92316cd17159,2026-06-06,2026-06-06T08:54:48,LINE-A,OM4-50,OP-101,0.2965,9.028,839.7,19.42,961.7,3512.0,0,
2038d3c5-cda5-4839-b874-449d50a097e7,2026-06-06,2026-06-06T13:32:12,LINE-A,OM4-50,OP-103,0.2166,8.189,803.2,18.79,940.4,4943.0,0,
70f6fb67-2206-4e17-bfd9-fe2915725d46,2026-06-06,2026-06-06T06:06:39,LINE-C,OM3-50,OP-104,0.3138,8.977,817.8,24.05,828.1,2807.0,0,
053308d2-59a4-4d0d-be1d-abe2f1e3bdeb,2026-06-06,2026-06-06T06:38:00,LINE-A,SMF-28,OP-102,0.2779,8.891,739.4,24.06,1103.8,399.0,0,
5c908a24-b0ec-4721-b103-57617cd70aec,2026-06-06,2026-06-06T13:08:27,LINE-C,SMF-28,OP-101,0.2447,8.958,848.5,23.65,915.6,681.0,0,
c942a964-8117-442d-a129-a42208629d10,2026-06-06,2026-06-06T07:38:48,LINE-A,DSF-1550,OP-102,0.2791,8.316,724.5,19.23,1080.8,1621.0,0,
82a3b9c6-c762-4f2d-af41-b0964c724900,2026-06-06,2026-06-06T11:21:06,LINE-B,OM4-50,OP-102,0.2834,8.207,763.7,19.84,1167.4,1254.0,0,
dee671c8-845b-4274-923a-5c00e942f092,2026-06-06,2026-06-06T13:25:33,LINE-C,DSF-1550,OP-101,,9.285,860.5,21.42,1192.3,1435.0,0,null_sensor
3d102121-9bcd-4ab2-8bd4-e598debc6ac4,2026-06-06,2026-06-06T11:31:33,LINE-C,SMF-28,OP-102,0.2594,9.279,894.1,20.44,1108.6,3082.0,0,
23250e94-96dc-4af4-8e0c-6e64e35a3416,2026-06-06,2026-06-06T11:26:48,LINE-A,SMF-28,OP-101,0.2182,9.37,787.9,24.5,963.6,3465.0,0,
9c27abd2-b085-4b1a-967a-2a8b559e9990,2026-06-06,2026-06-06T12:26:39,LINE-B,SMF-28,OP-101,0.2279,8.612,855.4,23.81,1183.9,1785.0,0,
b40a451e-c00c-4e88-8e76-2a5b9a0a12d3,2026-06-06,2026-06-06T13:04:39,LINE-A,DSF-1550,OP-104,,9.326,757.0,20.07,1111.6,2767.0,0,null_sensor
03119884-5382-42c1-b20f-f194274108c4,2026-06-06,2026-06-06T07:34:03,LINE-C,DSF-1550,OP-103,0.2025,8.663,766.8,22.29,916.9,-328.0,0,negative_throughput
c94ee1a5-2473-45d9-9920-13920ab1e668,2026-06-06,2026-06-06T11:53:24,LINE-C,OM3-50,OP-101,0.2092,9.102,716.4,19.91,975.8,4076.0,0,
6c145dde-af83-4c10-b96f-b1d18bf24543,2026-06-06,2026-06-06T12:32:21,LINE-C,SMF-28,OP-102,0.3458,8.83,708.6,24.32,1123.4,1600.0,0,
174f46aa-3cc1-44d1-ab5b-d12560fe5d85,2026-06-06,2026-06-06T13:39:48,LINE-B,DSF-1550,OP-104,0.7337,8.87,764.2,19.69,1006.9,658.0,0,out_of_range_high
e8424e52-016b-4a7a-ba2d-b13fad13ebdf,2026-06-06,2026-06-06T11:02:06,LINE-B,SMF-28,OP-102,0.3267,8.784,870.4,19.9,1069.6,987.0,0,
e33a0c5c-dd23-4043-87cb-ee1fdb55fba2,2026-06-06,2026-06-06T09:56:33,LINE-C,OM3-50,,0.2412,8.559,888.3,19.03,1064.5,4783.0,0,missing_operator
f798a01f-5d90-4062-85aa-ca9e75b4b50c,2026-06-06,2026-06-06T08:10:09,LINE-A,OM3-50,OP-104,0.2259,9.189,796.8,23.94,1008.6,448.0,1,
28878d2c-f58f-45ac-80b4-e6fc34914cde,2026-06-06,2026-06-06T10:14:36,LINE-B,OM3-50,OP-102,0.3466,8.204,773.4,22.83,1069.4,4503.0,0,
95c6e2b9-6486-47f9-bebb-669aa29b8f49,2026-06-06,2026-06-06T10:02:15,LINE-B,SMF-28,OP-104,0.292,8.869,875.7,24.29,813.3,1546.0,0,
cf75c56c-88d1-4496-ae66-ea831c42d0ef,2026-06-06,2026-06-06T06:01:54,LINE-B,SMF-28,OP-101,0.2861,8.29,866.8,19.62,1088.5,4436.0,0,
529f6cea-7526-46f0-a748-950287871628,2026-06-06,2026-06-06T06:16:09,LINE-A,OM4-50,OP-101,0.2643,8.63,823.3,20.34,841.4,652.0,0,
a94a250d-e59e-4643-9b11-3a5226851240,2026-06-06,2026-06-06T11:19:12,LINE-A,OM4-50,OP-102,0.3375,8.571,711.3,18.31,1102.5,4536.0,0,
34b8cf5f-882d-4deb-8656-5b116bc05fca,2026-06-06,2026-06-06T13:34:06,LINE-A,DSF-1550,OP-103,0.2981,9.021,739.1,22.88,1009.6,3911.0,0,
125f4408-89c3-404c-8c49-a64d3ae1c2c8,2026-06-06,2026-06-06T08:11:06,LINE-B,SMF-28,OP-102,0.2997,8.323,876.7,19.92,808.8,3690.0,0,
9586e370-5fd8-4e1a-90b0-937a4870c71a,2026-06-06,2026-06-06T07:53:03,LINE-C,SMF-28,OP-104,0.2899,8.188,890.5,20.09,1141.1,4538.0,0,
13af3607-4be0-47a3-9bbe-d7c738debe36,2026-06-06,2026-06-06T06:09:30,LINE-A,SMF-28,OP-104,0.2482,9.017,745.9,21.42,1192.8,2807.0,0,
a23eae59-fbf9-40fd-bd8b-993733d6838d,2026-06-06,2026-06-06T09:53:42,LINE-A,OM3-50,OP-104,0.3093,8.796,845.3,20.43,1034.3,4595.0,0,
561a571b-f731-4663-bf0f-4f65fe5f0339,2026-06-06,2026-06-06T07:08:24,LINE-A,,OP-101,0.3017,9.122,882.4,23.13,936.7,4954.0,0,null_product
f3a4459d-fb26-4f24-b123-27ccc46c6961,2026-06-06,2026-06-06T11:05:54,LINE-C,OM4-50,OP-103,0.3101,8.381,760.5,23.28,801.0,2532.0,0,
51b23433-2b87-4c1a-81aa-a9c54fee6f34,2026-06-06,2026-06-06T11:10:39,LINE-B,DSF-1550,OP-101,0.197,8.972,708.9,22.29,977.1,2586.0,0,
3ffd4b42-5847-4b9f-a370-f74efa428e0e,2026-06-06,2026-06-06T09:10:57,LINE-C,SMF-28,OP-102,0.2822,8.703,869.1,18.42,843.3,321.0,0,
6d6e09ab-7784-4426-abd9-75401526bb9b,2026-06-06,2026-06-06T09:31:51,LINE-A,SMF-28,OP-104,0.1965,8.421,774.6,19.53,1129.8,2836.0,0,
2ca93b66-2a20-4a58-b3ea-b7dd0c953051,2026-06-06,2026-06-06T08:51:57,LINE-C,DSF-1550,OP-104,0.3203,8.043,751.6,21.95,990.8,3477.0,1,
13721fea-616a-49f3-b958-b12f1e9a8cdd,2026-06-06,2026-06-06T08:14:54,LINE-C,,OP-102,0.2875,8.323,728.4,22.29,1107.7,4201.0,0,null_product
a3d26265-4101-45a3-a32e-9fd8625051cf,2026-06-06,2026-06-06T06:33:15,LINE-A,OM3-50,OP-102,0.3306,8.567,748.2,19.93,961.9,3780.0,0,
7be73928-43e5-4c7c-b783-1676ce954203,2026-06-06,2026-06-06T10:55:27,LINE-A,OM4-50,OP-101,0.3242,8.476,792.1,23.32,869.8,-351.0,0,negative_throughput
8d8623b6-11e1-431e-aacd-36255cc91717,2026-06-06,2026-06-06T12:24:45,LINE-B,OM3-50,OP-102,0.2661,8.054,887.7,23.94,947.9,4832.0,0,
541f3997-00b6-40be-ab68-06e12fd17358,2026-06-06,2026-06-06T06:43:42,LINE-B,SMF-28,OP-101,0.2356,8.458,858.1,21.5,1193.7,1361.0,0,
9e3a1dc1-7618-43fb-827e-c8fe052bca5b,2026-06-06,2026-06-06T08:08:15,LINE-B,SMF-28,OP-104,0.2253,9.182,851.2,20.45,824.9,2185.0,0,
594bba04-0ab5-4572-861b-30ac39cacdd7,2026-06-06,2026-06-06T12:20:00,LINE-B,OM4-50,OP-102,0.2883,9.371,872.4,20.06,850.2,608.0,0,
9f01df1e-1419-43a9-899c-4991fc0a6e5b,2026-06-06,2026-06-06T06:10:27,LINE-A,OM4-50,OP-102,0.298,8.192,851.2,22.21,1011.5,3277.0,0,
ce098517-7536-4417-9cb7-636fc89fb9bc,2026-06-06,2026-06-06T06:52:15,LINE-A,OM4-50,OP-101,0.2983,9.341,840.6,22.11,1146.8,1631.0,0,
06eec7d6-235d-44ba-b6d0-13c353c67fa3,2026-06-06,2026-06-06T11:12:33,LINE-B,DSF-1550,OP-104,0.3122,9.032,819.1,20.69,1037.2,1690.0,0,
a1c6d122-d743-4ffc-9f28-e8ea96419834,2026-06-06,2026-06-06T06:00:57,LINE-B,OM3-50,OP-103,0.2342,9.061,778.5,23.87,940.7,3504.0,0,
9978ca3f-07b6-4a92-8aa9-a361ffb7e0de,2026-06-06,2026-06-06T12:58:57,LINE-B,OM4-50,OP-104,0.3322,8.59,803.3,19.42,995.3,3613.0,0,
ff6aac0a-9c2b-4cd3-a426-8fc0fde6e956,2026-06-06,2026-06-06T09:48:00,LINE-B,OM4-50,OP-104,0.1971,8.354,709.5,22.36,968.8,1973.0,0,
1e57668c-0521-4029-8904-e4ee52c0b2d4,2026-06-06,2026-06-06T11:22:03,LINE-C,OM3-50,OP-104,0.2118,8.279,724.8,20.13,883.6,1502.0,0,
5be863e2-d0a8-4566-86b8-7e965a574fa8,2026-06-06,2026-06-06T10:26:57,LINE-B,OM4-50,OP-103,0.2785,8.43,888.5,23.08,928.3,945.0,0,
1ac6dfe8-1380-4779-a737-d61ea8b6b975,2026-06-06,2026-06-06T07:12:12,LINE-B,OM3-50,OP-102,0.263,9.375,855.5,21.52,941.3,348.0,0,
e75403f1-969a-4632-954e-87979d82a62f,2026-06-06,2026-06-06T12:28:33,LINE-A,OM3-50,OP-101,0.548,9.107,789.2,22.46,1059.6,605.0,0,out_of_range_high
3619b3ad-7d80-4e4f-8c20-52e03b994d69,2026-06-06,2026-06-06T11:28:42,LINE-B,SMF-28,OP-101,0.3243,9.208,814.8,22.89,883.1,4175.0,0,
e3c5ffb0-124c-43d2-a881-a6886514c636,2026-06-06,2026-06-06T06:19:00,LINE-A,OM4-50,OP-103,0.271,8.882,737.4,24.17,1004.3,4108.0,0,
ebff44d4-b6fc-4fc9-b8c6-798b9cfcf97b,2026-06-06,2026-06-06T13:11:18,LINE-C,OM4-50,OP-101,0.2869,8.474,817.2,20.02,1193.0,4152.0,0,
e8aea850-6e6d-442b-a074-8c77d22d50e9,2026-06-06,2026-06-06T07:18:51,LINE-B,SMF-28,OP-104,0.2795,9.131,789.5,18.78,909.4,3491.0,0,
59843d44-a883-4046-b0d5-451151281c6e,2026-06-06,2026-06-06T07:05:33,LINE-C,OM4-50,OP-102,0.2542,8.241,849.3,21.67,863.9,324.0,0,
e8860b99-0802-466f-a5fa-0034948fdea6,2026-06-06,2026-06-06T09:19:30,LINE-C,DSF-1550,OP-102,0.2591,9.397,806.7,23.11,883.1,1393.0,0,
b7ffaf3f-69b4-456f-ab33-0e1f49503545,2026-06-06,2026-06-06T08:07:18,LINE-A,OM3-50,OP-103,0.2889,9.342,785.6,19.71,1178.4,382.0,0,
691695c2-e6b9-4ed7-a265-f5a8a0e2f3bc,2026-06-06,2026-06-06T13:36:57,LINE-C,OM3-50,OP-104,0.256,6.338,722.5,21.6,1188.5,4343.0,0,out_of_range_low
16be4b80-ab0d-4689-9968-c9fa4ca6bc43,2026-06-06,2026-06-06T09:34:42,LINE-C,DSF-1550,OP-104,0.1947,8.703,862.0,19.94,1035.1,985.0,0,
bb1afc3b-b513-43ab-8b34-7ee47f47a09e,2026-06-06,2026-06-06T10:37:24,LINE-C,SMF-28,OP-102,0.3171,8.853,728.8,21.4,894.0,572.0,0,
284de43f-ced2-4d8e-93b7-1b2aab46a10c,2026-06-06,2026-06-06T12:20:57,LINE-C,DSF-1550,OP-104,0.297,9.102,757.0,23.77,1087.8,1710.0,0,
5457d85f-f9f5-4837-9f9b-f71ca0044eed,2026-06-06,2026-06-06T12:29:30,LINE-A,SMF-28,OP-103,0.3006,8.918,748.4,22.98,1045.5,2747.0,0,
b6b84a8d-7658-44a1-845e-6fc6ccaed552,2026-06-06,2026-06-06T12:43:45,LINE-C,SMF-28,OP-103,0.1836,8.313,891.9,23.44,843.1,1311.0,0,
2e5aa889-c0a4-45f5-8509-bcbd0ce16eca,2026-06-06,2026-06-06T06:21:51,LINE-C,DSF-1550,OP-104,0.2076,9.403,886.2,20.53,971.8,4492.0,0,
198bb269-b631-4678-99d9-2c2bcf0ba32c,2026-06-06,2026-06-06T12:52:18,LINE-B,DSF-1550,OP-103,0.3215,8.57,704.7,24.77,974.7,719.0,0,
b5560cd6-b9b5-4012-b385-56c9b80441aa,2026-06-06,2026-06-06T10:00:21,LINE-A,DSF-1550,OP-103,0.1887,9.152,821.9,18.93,1122.5,2091.0,0,
2021fa93-034c-4fec-a4f1-7f795c42d146,2026-06-06,2026-06-06T07:22:39,LINE-A,SMF-28,OP-104,0.7018,9.441,753.1,22.62,871.4,4220.0,0,out_of_range_high
d1369de5-283a-41c2-849f-c8afa45b33c6,2026-06-06,2026-06-06T06:44:39,LINE-C,OM4-50,OP-104,0.188,9.07,768.7,23.16,1025.7,2707.0,0,
1df9b0fe-ca6e-4ee6-8671-8a080eef5652,2026-06-06,2026-06-06T10:25:03,LINE-B,OM3-50,OP-102,0.2672,8.275,864.7,22.65,956.5,4178.0,0,
6c537d32-feac-4249-a468-2145d97380fb,2026-06-06,2026-06-06T08:32:57,LINE-C,DSF-1550,OP-101,0.2177,9.019,800.3,20.04,1183.2,3673.0,0,
9e8ae380-136f-4cbe-81dc-1f47cf7c279a,2026-06-06,2026-06-06T12:27:36,LINE-B,DSF-1550,OP-104,0.2832,8.303,813.6,19.08,1083.7,839.0,0,
6460e351-7e1a-41f4-8858-655b93f7576f,2026-06-06,2026-06-06T09:23:18,LINE-B,DSF-1550,OP-102,0.258,8.299,882.8,19.54,866.7,2619.0,1,
8e40a1e0-3f4b-420e-8181-0bb755941f4a,2026-06-06,2026-06-06T10:07:57,LINE-C,OM3-50,,0.2724,9.149,795.6,24.8,1054.5,358.0,0,missing_operator
cdb5b86e-85bb-4fd7-867d-97d3db52f9cc,2026-06-06,2026-06-06T06:07:36,LINE-C,OM3-50,OP-104,0.2875,8.271,774.5,24.91,814.4,2097.0,0,
cbea3499-10bc-478f-b01c-587735292740,2026-06-06,2026-06-06T10:22:12,LINE-A,DSF-1550,OP-101,0.2823,9.149,835.6,20.06,1091.3,1220.0,0,
20874eea-6bb6-4b2f-b1bf-2df5ac2f1373,2026-06-06,2026-06-06T10:49:45,LINE-A,DSF-1550,OP-104,0.2068,9.159,768.2,20.0,1134.9,2781.0,0,
3cf7e6ca-197d-4f1b-88c9-f8d2591264ef,2026-06-06,2026-06-06T08:22:30,LINE-C,OM4-50,OP-102,0.3418,8.151,852.8,22.05,984.0,3692.0,0,
e92420ed-d073-44c6-8342-6d6859087322,2026-06-06,2026-06-06T11:24:54,LINE-C,OM4-50,OP-104,0.2584,8.402,855.1,21.67,1019.1,2665.0,0,
087dfb4e-1f6c-4a90-ae5d-e46c9dca3290,2026-06-06,2026-06-06T13:28:24,LINE-A,OM3-50,OP-103,0.2739,9.34,734.3,21.93,890.1,4731.0,0,
555d3b3a-1564-4e0e-962b-ac31a1d0ba90,2026-06-06,2026-06-06T12:10:30,LINE-C,OM4-50,OP-101,0.2478,9.447,774.6,18.87,939.3,3709.0,0,
a8e9f9c0-4b6e-4341-b9f7-cea06f86d5cd,2026-06-06,2026-06-06T12:35:12,LINE-A,OM3-50,OP-103,0.2947,8.483,811.3,21.71,1105.6,3718.0,0,
496c7f09-a05f-43d3-b5de-98001648fb49,2026-06-06,2026-06-06T09:28:03,LINE-C,DSF-1550,OP-104,0.2093,8.472,746.5,22.02,925.3,770.0,0,
a4402f45-66d4-42e6-b1ea-8f17029b2763,2026-06-06,2026-06-06T12:03:51,LINE-B,,OP-103,0.2677,8.895,730.0,19.87,848.5,864.0,0,null_product
91608af2-5750-4d2d-94bc-51af38cdf53a,2026-06-06,2026-06-06T10:32:39,LINE-B,SMF-28,OP-103,0.2151,8.869,735.8,22.79,1117.1,2768.0,0,
63fd8f6b-9aa7-4a8f-b2b9-c8281a57bf6c,2026-06-06,2026-06-06T09:24:15,LINE-C,DSF-1550,OP-103,0.194,8.122,788.1,22.91,940.0,2928.0,0,
9ba5c85c-ce9b-45de-aaf2-c75881e4aac8,2026-06-06,2026-06-06T09:22:21,LINE-B,OM4-50,OP-103,0.2124,8.914,803.6,22.14,1001.3,3128.0,0,
cd91679e-fde5-4340-9e3d-2a3816ff0896,2026-06-06,2026-06-06T13:33:09,LINE-B,OM4-50,OP-103,0.2403,8.587,813.6,20.89,1184.4,3821.0,0,
398e073c-10cb-4272-a5c0-2a5b623304e7,2026-06-06,2026-06-06T09:30:54,LINE-B,SMF-28,OP-101,0.3366,8.471,821.2,21.67,955.9,3223.0,0,
82d07a56-e98f-44bf-827f-f92fea5b5995,2026-06-06,2026-06-06T09:05:15,LINE-C,OM3-50,OP-102,0.2307,8.356,872.6,18.57,1059.4,2049.0,0,
70b1de94-03c1-45f9-a8f3-b953d764ad8e,2026-06-06,2026-06-06T10:39:18,LINE-C,OM3-50,OP-102,0.3488,8.954,843.6,21.03,1083.7,2683.0,0,
cc7a85cf-d852-4163-ac04-83a717c9ef50,2026-06-06,2026-06-06T13:17:57,LINE-B,SMF-28,OP-104,0.1859,8.189,887.8,22.94,1051.6,4349.0,1,
488cbd5c-0675-4694-8acc-e22d6de66861,2026-06-06,2026-06-06T10:26:00,LINE-A,OM3-50,OP-102,0.2353,8.478,712.0,19.18,1108.4,3880.0,0,
8b9a3494-d385-4f51-b58e-8527a6205d7f,2026-06-06,2026-06-06T09:36:36,LINE-A,DSF-1550,OP-101,0.2063,8.966,870.6,24.12,986.7,654.0,0,
ee78fea4-76f2-4a5c-aaf5-df8b670e8241,2026-06-06,2026-06-06T09:46:06,LINE-A,SMF-28,OP-104,0.2932,9.274,765.7,21.15,902.0,4499.0,0,
b2548b0f-6a8c-4186-a45e-5571c7a4487d,2026-06-06,2026-06-06T12:54:12,LINE-A,DSF-1550,OP-103,0.1981,9.258,731.9,22.76,890.5,429.0,0,
0d7fb159-d93d-41ba-b3ab-f7f73df9e3a7,2026-06-06,2026-06-06T07:51:09,LINE-C,OM3-50,OP-101,0.2215,8.98,775.3,18.64,1178.6,1116.0,0,
e2fbd054-cafd-4851-b7cd-efc763f85697,2026-06-06,2026-06-06T11:27:45,LINE-A,DSF-1550,OP-103,0.3303,8.438,827.0,18.97,938.1,3892.0,0,
7599f451-c139-4768-9d97-a031c8f2a322,2026-06-06,2026-06-06T09:45:09,LINE-A,DSF-1550,OP-102,0.3499,9.165,811.4,22.25,1085.4,4222.0,0,
64b3c40d-687a-4bdc-914f-b12782f74b47,2026-06-06,2026-06-06T11:38:12,LINE-B,SMF-28,OP-102,0.2528,9.348,782.6,23.98,1191.6,-269.0,0,negative_throughput
4b387019-2466-427b-9b72-edb99b38c6fe,2026-06-06,2026-06-06T09:06:12,LINE-C,DSF-1550,OP-104,0.188,9.178,702.1,23.58,1180.3,1548.0,0,
c95b66ab-4e87-4c94-98c6-84374942e2a0,2026-06-06,2026-06-06T06:08:33,LINE-A,DSF-1550,OP-102,0.2948,9.119,803.2,23.44,982.0,3766.0,0,
6ca90b3d-863f-4589-a91a-42843b10824f,2026-06-06,2026-06-06T10:20:18,LINE-C,SMF-28,OP-101,0.231,8.854,768.4,22.29,1146.5,4695.0,0,
5e90a26e-7fca-4293-a160-d3314b485bb1,2026-06-06,2026-06-06T08:21:33,LINE-A,OM3-50,OP-103,0.2384,8.627,735.7,20.66,1129.4,3938.0,0,
a84937e0-76f5-4466-9aa3-60dd26d421cb,2026-06-06,2026-06-06T10:34:33,LINE-B,OM4-50,OP-102,0.3482,9.299,739.2,20.34,1020.4,4341.0,0,
5ec17fbc-a613-4d42-8700-f8fc7299649a,2026-06-06,2026-06-06T06:12:21,LINE-A,DSF-1550,OP-101,0.247,9.413,822.4,19.89,1151.9,-227.0,0,negative_throughput
9ca5e6c1-40ed-4ac6-8cd5-98807beccf79,2026-06-06,2026-06-06T12:02:54,LINE-B,DSF-1550,OP-104,0.1873,8.574,836.2,22.88,988.2,3780.0,0,
1b6536f8-d3d9-46dc-9bd8-0df2bcfd1213,2026-06-06,2026-06-06T10:30:45,LINE-B,DSF-1550,OP-102,0.3144,8.198,879.0,21.84,1179.5,914.0,1,
cdfabfb3-1a07-4089-a0ba-ee0bbbd09558,2026-06-06,2026-06-06T12:48:30,LINE-A,OM3-50,OP-103,0.2865,8.444,864.9,24.1,954.4,1336.0,0,
1e843ea9-4a1f-420b-9da8-570cf9bc1608,2026-06-06,2026-06-06T06:45:36,LINE-C,OM3-50,OP-101,0.2389,8.612,701.5,24.71,1161.6,3311.0,0,
6a7b53ef-112e-4d13-94d4-521acc5f6368,2026-06-06,2026-06-06T13:38:51,LINE-B,OM4-50,OP-102,0.1998,9.063,757.6,23.18,1000.4,4177.0,0,
3451bb2e-3619-4213-be72-ade996aa0dc2,2026-06-06,2026-06-06T08:56:42,LINE-C,SMF-28,OP-104,0.3343,8.203,796.2,20.69,1156.1,2855.0,0,
a9d40eca-1986-4c08-92bc-5e740614fa5c,2026-06-06,2026-06-06T07:00:48,LINE-A,SMF-28,OP-104,0.2173,9.476,708.2,21.74,877.0,2430.0,0,
87d6e325-5f79-4dd6-ba1f-bcb85ebffd76,2026-06-06,2026-06-06T12:25:42,LINE-A,OM4-50,OP-103,0.3334,8.915,881.1,20.14,1021.8,3547.0,1,
499b1092-e3d8-474e-ad1a-aec626dc88e2,2026-06-06,2026-06-06T10:09:51,LINE-A,OM3-50,OP-104,0.2626,8.094,799.6,24.72,935.9,1290.0,0,
8332c1b2-476d-43b5-a4ee-d2220a5f88db,2026-06-06,2026-06-06T11:15:24,LINE-B,OM4-50,OP-103,0.2516,9.252,791.1,20.61,1070.6,2757.0,0,
c43e42c6-964b-456d-aac1-b8d57dd9ed7f,2026-06-06,2026-06-06T13:29:21,LINE-C,OM3-50,OP-101,0.3434,8.064,733.6,23.86,1104.2,1060.0,0,
aa9444c8-1fb6-482e-9ba4-ce2318b37231,2026-06-06,2026-06-06T09:47:03,LINE-B,OM4-50,OP-102,0.283,9.403,805.3,20.36,1034.5,2252.0,0,
cb8491df-d2f0-4c26-8b23-6b4e844e346a,2026-06-06,2026-06-06T13:00:51,LINE-C,OM3-50,OP-104,0.2632,8.788,776.5,18.02,1052.6,2893.0,0,
42f29161-887b-4c96-b77e-bc1c40d1afa9,2026-06-06,2026-06-06T10:46:54,LINE-A,OM4-50,OP-104,0.2212,8.411,816.2,18.73,1199.8,1490.0,0,
eede5b3b-a7d4-447a-b955-22a930b1544e,2026-06-06,2026-06-06T13:46:27,LINE-C,DSF-1550,OP-101,0.323,8.131,825.0,23.42,970.3,519.0,0,
d9cc6789-4d63-4cdb-a87a-184b47925e0f,2026-06-06,2026-06-06T13:21:45,LINE-C,OM4-50,OP-101,0.3211,9.244,826.0,18.75,1039.3,1063.0,0,
0fce8644-e45a-44d1-89fd-4ef9c447180b,2026-06-06,2026-06-06T08:49:06,LINE-B,DSF-1550,OP-103,0.3068,8.057,860.5,23.22,834.1,1817.0,0,
2fd49b1b-2518-42c0-812e-f4524d37b1bf,2026-06-06,2026-06-06T09:27:06,LINE-C,DSF-1550,OP-103,0.226,8.27,746.8,22.54,810.3,2490.0,0,
c0677c7c-7bae-4d80-8f92-48c909b2839e,2026-06-06,2026-06-06T13:26:30,LINE-A,DSF-1550,OP-102,0.2904,8.388,874.4,19.23,1062.3,3796.0,0,
c41649d2-f75b-4918-ac52-afe63737fd2f,2026-06-06,2026-06-06T09:42:18,LINE-A,SMF-28,OP-104,0.2031,8.641,808.4,23.19,916.3,3025.0,0,
5bf467da-8766-43c1-9e3b-1e1659aea742,2026-06-06,2026-06-06T06:54:09,LINE-A,SMF-28,OP-102,0.2169,8.176,804.4,22.19,828.6,4515.0,0,
2ef3c396-fcb9-4692-bee1-2b3aaafa1823,2026-06-06,2026-06-06T06:56:03,LINE-B,OM3-50,OP-103,0.3372,8.525,731.9,18.26,988.7,2026.0,0,
1b2fb117-c126-4b94-bea1-ab2f8fe7de05,2026-06-06,2026-06-06T09:03:21,LINE-B,DSF-1550,OP-104,0.3466,8.766,765.5,24.55,1023.4,2546.0,0,
f3de13eb-9ef2-4ed9-99b6-3a33448ef782,2026-06-06,2026-06-06T11:51:30,LINE-A,OM3-50,OP-103,0.312,8.038,893.1,24.41,1194.1,4953.0,0,
89921be2-3745-4880-ae48-f0489e40ba5e,2026-06-06,2026-06-06T12:01:57,LINE-C,OM4-50,OP-101,0.2224,8.353,857.1,23.57,1063.5,-19.0,0,negative_throughput
8d840649-531e-464d-9182-b8dd62ba9258,2026-06-06,2026-06-06T10:43:06,LINE-A,DSF-1550,OP-104,0.223,8.544,834.3,20.3,1043.0,3117.0,0,
34003c0f-ec63-4d66-bf46-3e5e8928f9c7,2026-06-06,2026-06-06T09:38:30,LINE-B,OM4-50,OP-102,0.3231,9.484,867.6,23.98,1103.4,4572.0,0,
9e1cb584-9d23-4cfe-b4a1-2708340edc9d,2026-06-06,2026-06-06T10:03:12,LINE-C,DSF-1550,OP-101,0.3295,8.911,702.2,21.82,902.0,4610.0,0,
f05abc62-ffc6-4319-976c-2ab6ca9bfecc,2026-06-06,2026-06-06T12:15:15,LINE-A,OM3-50,OP-101,0.2105,8.635,719.7,19.36,846.5,2617.0,0,
1456d582-b97f-4fc1-b8db-b067b13df9e0,2026-06-06,2026-06-06T06:49:24,LINE-B,DSF-1550,OP-101,0.3001,8.981,709.0,21.03,1171.9,1059.0,0,
683ae42e-137b-440d-b2c7-c36aaae0ff31,2026-06-06,2026-06-06T08:46:15,LINE-B,OM4-50,OP-103,0.2539,8.787,722.6,24.59,1199.5,4978.0,0,
ada740ee-9264-43d5-96bd-e00d0c4f7540,2026-06-06,2026-06-06T07:41:39,LINE-B,OM3-50,OP-104,0.2825,8.876,855.8,22.23,904.0,1866.0,1,
78233e36-37ee-42c7-b2c0-4c35ce953633,2026-06-06,2026-06-06T09:57:30,LINE-B,SMF-28,OP-101,0.2641,8.818,820.5,22.05,955.8,460.0,0,
f3e22ed0-ab3c-4c5c-827f-4d7060014d37,2026-06-06,2026-06-06T09:48:57,LINE-C,SMF-28,OP-104,0.3422,8.736,771.2,22.47,1060.2,4557.0,0,
f3be28b5-bd89-4646-8b3d-36ebba680c64,2026-06-06,2026-06-06T06:02:51,LINE-C,DSF-1550,OP-102,0.3126,8.424,707.3,23.99,870.0,207.0,0,
ad622487-b321-4b76-a75f-dd30167f4ada,2026-06-06,2026-06-06T08:45:18,LINE-C,DSF-1550,OP-103,0.3464,9.394,883.9,20.71,910.0,3342.0,0,
ee59d9e6-c9da-406a-91bc-79bb20fdb780,2026-06-06,2026-06-06T11:25:51,LINE-B,OM4-50,OP-101,0.1811,9.174,788.3,22.28,1052.3,-472.0,0,negative_throughput
0198fb39-fbee-41d3-8bd1-7c3625062e42,2026-06-06,2026-06-06T13:09:24,LINE-B,OM3-50,OP-103,0.3195,8.617,743.8,20.71,1090.4,2964.0,0,
ee145f3f-6ad0-47ad-ab6e-a4ff7637aee7,2026-06-06,2026-06-06T06:04:45,LINE-B,SMF-28,OP-104,0.3361,9.171,765.9,23.65,857.3,2435.0,0,
7458e823-254f-450a-b849-e13a92725cc5,2026-06-06,2026-06-06T12:59:54,LINE-B,DSF-1550,OP-102,0.3263,9.07,703.2,20.0,1094.8,3062.0,0,
057641fc-6981-4368-9a9c-26a41e6cf85e,2026-06-06,2026-06-06T08:32:00,LINE-A,SMF-28,OP-104,0.3117,8.915,847.5,22.69,971.1,4190.0,0,
6cf842db-db9f-460e-8758-45e75cb8e9f7,2026-06-06,2026-06-06T07:03:39,LINE-B,OM4-50,OP-103,0.2364,8.232,773.7,24.0,1077.6,-98.0,0,negative_throughput
18977b3c-ea61-4332-bae2-a931a38c5130,2026-06-06,2026-06-06T09:35:39,LINE-B,SMF-28,OP-101,0.2406,8.631,755.4,24.74,974.9,1702.0,0,
ac12c85d-ec1f-44e5-a431-43bb3e088ac4,2026-06-06,2026-06-06T08:35:48,LINE-B,,OP-101,0.2674,9.112,772.7,18.42,1037.8,2010.0,0,null_product
63f7895b-e4a8-49e4-98db-3d09a22f3eff,2026-06-06,2026-06-06T08:19:39,LINE-C,OM3-50,OP-102,0.2969,8.701,864.8,24.12,938.7,1610.0,0,
c9fbd7b2-98c9-4b56-85a5-197b5858f0b9,2026-06-06,2026-06-06T06:03:48,LINE-A,OM4-50,OP-103,0.2786,9.028,869.7,20.97,841.7,2250.0,0,
c924f4df-efb4-4c14-b2d3-950bfc9d087c,2026-06-06,2026-06-06T07:09:21,LINE-B,DSF-1550,OP-101,0.2672,8.846,823.9,24.59,974.0,1583.0,0,
f024ed44-c67a-4183-be63-968f3ff20dd2,2026-06-06,2026-06-06T11:30:36,LINE-A,OM4-50,OP-101,0.1942,8.897,736.3,20.33,978.3,469.0,0,
923744fb-d5ee-499b-a31a-dd5d98d32be6,2026-06-06,2026-06-06T10:24:06,LINE-A,DSF-1550,OP-104,0.2537,8.819,866.1,19.24,1040.5,3169.0,0,
2808fc0f-5e60-4bee-b072-9bed3aefccc5,2026-06-06,2026-06-06T08:29:09,LINE-C,OM4-50,OP-104,0.2131,8.383,895.8,18.45,993.3,935.0,0,
d8fce2c2-c32c-40ea-aa4c-b59833bf2cb7,2026-06-06,2026-06-06T10:52:36,LINE-C,,OP-104,0.2184,8.793,802.3,23.17,1054.0,4480.0,0,null_product
c41fd58b-2924-4f8c-ba6b-0d1131982d7a,2026-06-06,2026-06-06T07:30:15,LINE-C,SMF-28,OP-104,0.1946,9.38,731.2,24.14,810.8,2536.0,0,
07dfe5b4-2118-42d1-9d28-091e2eabb92b,2026-06-06,2026-06-06T06:18:03,LINE-A,DSF-1550,OP-104,0.2179,9.004,745.9,22.05,893.2,3900.0,0,
0c44884f-2908-4a1b-afd9-f4a5d6bb0102,2026-06-06,2026-06-06T12:47:33,LINE-A,SMF-28,OP-101,0.2576,8.865,791.9,20.48,834.5,227.0,0,
d82c7035-759b-4d0f-956b-879ef654938c,2026-06-06,2026-06-06T12:07:39,LINE-C,DSF-1550,OP-102,0.2072,8.257,703.4,18.35,929.5,1068.0,0,
cd0a0212-948c-4371-af8d-63b2aa0bb87e,2026-06-06,2026-06-06T06:57:57,LINE-C,OM3-50,OP-101,0.219,9.455,868.2,24.17,1133.8,938.0,0,
424412c0-bc85-435d-bb3f-27fd7947bd3d,2026-06-06,2026-06-06T09:33:45,LINE-B,OM4-50,OP-103,0.1868,8.223,701.7,22.29,1078.1,2628.0,0,
ce60f68f-fcd5-42ef-9367-fa71f5d5f6dc,2026-06-06,2026-06-06T07:01:45,LINE-B,DSF-1550,OP-103,0.2936,8.933,719.6,24.84,975.1,403.0,0,
7d9154e4-9281-4324-990e-c20f316e4da8,2026-06-06,2026-06-06T06:51:18,LINE-B,OM3-50,OP-102,0.3126,8.397,750.3,21.57,989.6,712.0,0,
e98c0d39-c9de-491e-914e-12c98c31629d,2026-06-06,2026-06-06T09:02:24,LINE-C,DSF-1550,OP-101,0.316,8.514,809.0,21.86,1166.6,2343.0,0,
cbecac1e-3937-48a7-9b58-41fbaedecebd,2026-06-06,2026-06-06T09:04:18,LINE-A,OM3-50,OP-101,0.315,8.169,815.2,20.22,1026.8,1901.0,1,
5aae4319-1d7f-4e70-9244-a43b09a501af,2026-06-06,2026-06-06T11:42:57,LINE-B,OM3-50,OP-104,0.1887,8.883,743.6,20.26,1108.8,3036.0,0,
d7ab0dc5-b04a-4c6c-8637-f14ed0e7cf47,2026-06-06,2026-06-06T09:15:42,LINE-B,OM3-50,OP-102,0.2874,8.695,856.4,20.66,967.5,1334.0,0,
a4402f45-66d4-42e6-b1ea-8f17029b2763,2026-06-06,2026-06-06T12:03:51,LINE-B,,OP-103,0.2677,8.895,730.0,19.87,848.5,864.0,0,null_product
ff1bc3df-be21-4b15-a11c-67ce3d73eb9b,2026-06-06,2026-06-06T11:29:39,LINE-B,OM4-50,OP-102,0.2943,8.179,738.1,19.51,989.0,2824.0,0,
2a8edd4f-9830-482d-8bf8-a2bcb8f9449e,2026-06-06,2026-06-06T10:06:03,LINE-A,OM3-50,OP-101,0.2137,9.483,812.5,18.3,1083.6,3941.0,0,
a89b119d-283b-48bc-9bbb-b39c004714c2,2026-06-06,2026-06-06T06:59:51,LINE-A,DSF-1550,OP-101,0.2451,9.124,859.7,20.46,904.9,2549.0,0,
ea06e501-99d1-4186-b180-e73d0286e217,2026-06-06,2026-06-06T07:46:24,LINE-B,OM3-50,OP-103,0.3263,8.16,723.4,23.63,818.9,1614.0,0,
3ac88a4f-429c-4265-83fc-80376cc8943c,2026-06-06,2026-06-06T08:36:45,LINE-C,OM3-50,OP-102,0.2065,9.358,755.9,22.9,1187.0,1337.0,0,
f06b17cf-a9d2-4231-9a03-a02913958db1,2026-06-06,2026-06-06T11:44:51,LINE-A,OM4-50,OP-104,0.2242,9.077,727.6,19.04,991.6,787.0,0,
b3bef99c-36d2-4f91-93b1-fdcd22fff43d,2026-06-06,2026-06-06T13:22:42,LINE-A,OM3-50,OP-101,0.1854,8.969,720.3,22.6,1151.6,2216.0,0,
f19c9fce-c587-4c82-9e76-d4cbdff7b58f,2026-06-06,2026-06-06T09:51:48,LINE-C,SMF-28,OP-101,0.3327,8.976,891.4,21.17,856.4,3954.0,0,
3abbec92-91e8-4119-8dd8-af1ec12782f5,2026-06-06,2026-06-06T11:06:51,LINE-C,OM3-50,OP-104,0.2227,8.237,800.0,23.08,992.2,1375.0,0,
afd14bd6-75a1-405a-9c8b-f01288a81982,2026-06-06,2026-06-06T09:21:24,LINE-B,OM4-50,OP-101,0.2489,8.037,882.9,19.36,860.2,757.0,0,
9755bdc2-f8d1-49c6-97e2-85ceb36d88cc,2026-06-06,2026-06-06T13:16:03,LINE-C,SMF-28,OP-101,0.2717,8.072,765.2,21.93,882.0,2168.0,0,
dbc99ef0-c4cd-4b95-9888-edaf189f2614,2026-06-06,2026-06-06T06:28:30,LINE-B,,OP-103,0.2588,9.214,826.1,22.65,828.7,2119.0,0,null_product
662a0f6e-2b78-410d-9d82-64af1bd9ff50,2026-06-06,2026-06-06T13:18:54,LINE-C,DSF-1550,OP-102,0.313,9.3,837.9,22.11,1174.6,3122.0,0,
b450b656-0ade-4709-8afb-38c5e02e2963,2026-06-06,2026-06-06T11:32:30,LINE-C,OM4-50,OP-103,0.2109,8.044,787.4,23.6,1023.6,1237.0,0,
4853822d-0881-469f-97f3-cb9040c57fbc,2026-06-06,2026-06-06T07:02:42,LINE-C,SMF-28,OP-102,0.2287,9.097,719.5,21.59,917.1,1432.0,0,
5d88b3c8-0763-4bb8-8f60-9eeb460ea210,2026-06-06,2026-06-06T10:01:18,LINE-C,OM3-50,OP-101,0.2194,9.18,868.5,24.75,972.8,3222.0,1,
2ceb8b38-783c-4c56-83ea-846d15524daa,2026-06-06,2026-06-06T09:29:00,LINE-A,OM3-50,OP-102,0.2851,8.891,719.0,20.4,1143.7,2188.0,0,
f19d1f13-e83d-4358-8bcf-b6be5fe49c31,2026-06-06,2026-06-06T10:23:09,LINE-A,,OP-102,0.3362,9.213,763.9,21.18,1069.5,2139.0,0,null_product
3fe49da4-0ad1-42e6-99ff-d30a8a36a1e6,2026-06-06,2026-06-06T10:35:30,LINE-A,OM4-50,OP-104,0.2655,9.05,767.1,18.69,980.7,409.0,0,
d8ddf278-734a-4bb6-83b9-dbe4752d6240,2026-06-06,2026-06-06T07:24:33,LINE-C,OM3-50,OP-104,0.283,9.395,894.0,22.27,826.3,1871.0,0,
d02a0c29-c4dc-44db-bd77-3f644243d1ff,2026-06-06,2026-06-06T07:31:12,LINE-A,OM4-50,OP-104,0.2556,8.101,798.8,19.53,1164.5,4479.0,0,
5d555cf6-dd50-4ddd-bbae-1bdf4b8d2b6c,2026-06-06,2026-06-06T09:11:54,LINE-A,DSF-1550,OP-104,0.3181,8.987,873.3,20.3,1034.4,1499.0,0,
b068cf05-03ad-4cd8-a4a0-57719812755f,2026-06-06,2026-06-06T08:59:33,LINE-C,DSF-1550,OP-103,0.2097,8.247,832.9,19.91,861.6,1838.0,0,
3bc2ac1a-b613-4c15-8f3e-30ea038d6ba9,2026-06-06,2026-06-06T11:17:18,LINE-C,DSF-1550,OP-103,0.2825,8.066,824.2,20.05,1101.8,-490.0,1,negative_throughput
40768215-6eb8-47b1-a492-77c1d0fe135b,2026-06-06,2026-06-06T08:00:39,LINE-C,OM4-50,OP-102,0.2266,8.23,787.6,22.25,1078.7,4904.0,0,
9e288f81-581f-4003-a2ae-924e4d2fd6e8,2026-06-06,2026-06-06T13:24:36,LINE-C,OM3-50,OP-103,0.2096,8.308,715.1,19.58,836.6,1372.0,0,
3d3afd41-cd32-4afd-9451-235120a957b1,2026-06-06,2026-06-06T10:36:27,LINE-A,SMF-28,OP-101,0.2072,9.462,760.8,22.92,841.2,4385.0,0,
